time,v(ng),i(Vg_sense),i(Vd_sense),i(Vs_sense),i(Vb_sense)
0.00000000e+00,-0.00000000e+00,-0.00000000e+00,6.13488888e-14,3.33330698e-14,2.80158190e-14
1.00000000e-08,1.80000000e-05,4.46266413e-12,-4.26315732e-13,5.43179187e-13,3.49316922e-12
2.00000000e-08,3.60000000e-05,4.46261696e-12,-4.26306392e-13,5.43209330e-13,3.49310124e-12
4.00000000e-08,7.20000000e-05,4.46248900e-12,-4.26288719e-13,5.43271593e-13,3.49292869e-12
8.00000000e-08,1.44000000e-04,4.46236108e-12,-4.26235426e-13,5.43369488e-13,3.49275617e-12
1.60000000e-07,2.88000000e-04,4.46197742e-12,-4.26146268e-13,5.43592549e-13,3.49223860e-12
3.20000000e-07,5.76000000e-04,4.46133867e-12,-4.25948442e-13,5.44013981e-13,3.49137625e-12
6.40000000e-07,1.15200000e-03,4.45993563e-12,-4.25563887e-13,5.44891942e-13,3.48947980e-12
1.28000000e-06,2.30400000e-03,4.45726721e-12,-4.24749377e-13,5.46655078e-13,3.48586276e-12
2.28000000e-06,4.10400000e-03,4.45301651e-12,-4.23416163e-13,5.49527301e-13,3.48007305e-12
3.28000000e-06,5.90400000e-03,4.44888906e-12,-4.21974904e-13,5.52503465e-13,3.47441069e-12
4.28000000e-06,7.70400000e-03,4.44470658e-12,-4.20441644e-13,5.55622146e-13,3.46864279e-12
5.28000000e-06,9.50400000e-03,4.44064764e-12,-4.18788728e-13,5.58857184e-13,3.46300173e-12
6.28000000e-06,1.13040000e-02,4.43653399e-12,-4.17031556e-13,5.62247817e-13,3.45725462e-12
7.28000000e-06,1.31040000e-02,4.43254422e-12,-4.15141793e-13,5.65768580e-13,3.45163384e-12
8.28000000e-06,1.49040000e-02,4.42850007e-12,-4.13134121e-13,5.69459443e-13,3.44590651e-12
9.28000000e-06,1.67040000e-02,4.42458018e-12,-4.10979448e-13,5.73295714e-13,3.44030501e-12
1.02800000e-05,1.85040000e-02,4.42060629e-12,-4.08691655e-13,5.77318180e-13,3.43459646e-12
1.12800000e-05,2.03040000e-02,4.41675705e-12,-4.06240810e-13,5.81503006e-13,3.42901323e-12
1.22800000e-05,2.21040000e-02,4.41285423e-12,-4.03639905e-13,5.85891884e-13,3.42332244e-12
1.32800000e-05,2.39040000e-02,4.40907649e-12,-4.00858070e-13,5.90461933e-13,3.41775649e-12
1.42800000e-05,2.57040000e-02,4.40524563e-12,-3.97907308e-13,5.95255852e-13,3.41208247e-12
1.52800000e-05,2.75040000e-02,4.40154031e-12,-3.94755706e-13,6.00251820e-13,3.40653279e-12
1.62800000e-05,2.93040000e-02,4.39778236e-12,-3.91414167e-13,6.05493653e-13,3.40087454e-12
1.72800000e-05,3.11040000e-02,4.39415045e-12,-3.87849618e-13,6.10960709e-13,3.39534012e-12
1.82800000e-05,3.29040000e-02,4.39046643e-12,-3.84071739e-13,6.16698046e-13,3.38969665e-12
1.92800000e-05,3.47040000e-02,4.38690901e-12,-3.80046164e-13,6.22686330e-13,3.38417651e-12
2.02800000e-05,3.65040000e-02,4.38330003e-12,-3.75781213e-13,6.28971999e-13,3.37854682e-12
2.12800000e-05,3.83040000e-02,4.37981824e-12,-3.71241084e-13,6.35537176e-13,3.37303998e-12
2.22800000e-05,4.01040000e-02,4.37628549e-12,-3.66432582e-13,6.42429831e-13,3.36742308e-12
2.32800000e-05,4.19040000e-02,4.37288055e-12,-3.61318309e-13,6.49633704e-13,3.36192853e-12
2.42800000e-05,4.37040000e-02,4.36942530e-12,-3.55903384e-13,6.57198471e-13,3.35632345e-12
2.52800000e-05,4.55040000e-02,4.36609852e-12,-3.50148632e-13,6.65109667e-13,3.35084022e-12
2.62800000e-05,4.73040000e-02,4.36272212e-12,-3.44057299e-13,6.73418863e-13,3.34524596e-12
2.72800000e-05,4.91040000e-02,4.35947490e-12,-3.37588234e-13,6.82113591e-13,3.33977308e-12
2.82800000e-05,5.09040000e-02,4.35617880e-12,-3.30742599e-13,6.91247527e-13,3.33418867e-12
2.92800000e-05,5.27040000e-02,4.35301262e-12,-3.23477044e-13,7.00810423e-13,3.32872515e-12
3.02800000e-05,5.45040000e-02,4.34979834e-12,-3.15790413e-13,7.10858294e-13,3.32314963e-12
3.12800000e-05,5.63040000e-02,4.34671479e-12,-3.07636912e-13,7.21383359e-13,3.31769451e-12
3.22800000e-05,5.81040000e-02,4.34358395e-12,-2.99012806e-13,7.32444233e-13,3.31212691e-12
3.32800000e-05,5.99040000e-02,4.34058469e-12,-2.89869583e-13,7.44035877e-13,3.30667924e-12
3.42800000e-05,6.17040000e-02,4.33753903e-12,-2.80200640e-13,7.56219795e-13,3.30111860e-12
3.52800000e-05,6.35040000e-02,4.33462584e-12,-2.69954441e-13,7.68993995e-13,3.29567741e-12
3.62800000e-05,6.53040000e-02,4.33166717e-12,-2.59121195e-13,7.82423194e-13,3.29012278e-12
3.72800000e-05,6.71040000e-02,4.32884192e-12,-2.47646003e-13,7.96508785e-13,3.28468713e-12
3.82800000e-05,6.89040000e-02,4.32597215e-12,-2.35515529e-13,8.11319056e-13,3.27913757e-12
3.92800000e-05,7.07040000e-02,4.32323682e-12,-2.22671132e-13,8.26859164e-13,3.27370652e-12
4.02800000e-05,7.25040000e-02,4.32045800e-12,-2.09095534e-13,8.43201363e-13,3.26816110e-12
4.12800000e-05,7.43040000e-02,4.31781466e-12,-1.94725936e-13,8.60354994e-13,3.26273373e-12
4.22800000e-05,7.61040000e-02,4.31512893e-12,-1.79540675e-13,8.78396721e-13,3.25719153e-12
4.32800000e-05,7.79040000e-02,4.31257978e-12,-1.63472329e-13,8.97340533e-13,3.25176692e-12
4.42800000e-05,7.97040000e-02,4.30998938e-12,-1.46494358e-13,9.17267997e-13,3.24622703e-12
4.52800000e-05,8.15040000e-02,4.30753674e-12,-1.28534197e-13,9.38198267e-13,3.24080427e-12
4.62800000e-05,8.33040000e-02,4.30504403e-12,-1.09559887e-13,9.60218358e-13,3.23526579e-12
4.72800000e-05,8.51040000e-02,4.30269031e-12,-8.94931469e-14,9.83353168e-13,3.22984400e-12
4.82800000e-05,8.69040000e-02,4.30029779e-12,-6.82959872e-14,1.00769576e-12,3.22430604e-12
4.92800000e-05,8.87040000e-02,4.29804554e-12,-4.58837723e-14,1.03327743e-12,3.21888434e-12
5.02800000e-05,9.05040000e-02,4.29575581e-12,-2.22118108e-14,1.06019795e-12,3.21334604e-12
5.12800000e-05,9.23040000e-02,4.29360770e-12,2.81159977e-15,1.08849572e-12,3.20792358e-12
5.22800000e-05,9.41040000e-02,4.29142348e-12,2.92386019e-14,1.11827800e-12,3.20238409e-12
5.32800000e-05,9.59040000e-02,4.28938231e-12,5.71687542e-14,1.14959104e-12,3.19696002e-12
5.42800000e-05,9.77040000e-02,4.28730647e-12,8.66624829e-14,1.18255044e-12,3.19141852e-12
5.52800000e-05,9.95040000e-02,4.28537516e-12,1.17828081e-13,1.21721122e-12,3.18599202e-12
5.62800000e-05,1.01304000e-01,4.28341070e-12,1.50735182e-13,1.25369818e-12,3.18044770e-12
5.72800000e-05,1.03104000e-01,4.28159230e-12,1.85501790e-13,1.29207610e-12,3.17501799e-12
5.82800000e-05,1.04904000e-01,4.27974233e-12,2.22207775e-13,1.33248005e-12,3.16947005e-12
5.92800000e-05,1.06704000e-01,4.27804004e-12,2.60981933e-13,1.37498562e-12,3.16403636e-12
6.02800000e-05,1.08504000e-01,4.27630784e-12,3.01915514e-13,1.41973929e-12,3.15848407e-12
6.12800000e-05,1.10304000e-01,4.27472500e-12,3.45149312e-13,1.46682866e-12,3.15304564e-12
6.22800000e-05,1.12104000e-01,4.27311396e-12,3.90787224e-13,1.51641291e-12,3.14748827e-12
6.32800000e-05,1.13904000e-01,4.27165403e-12,4.38983378e-13,1.56859300e-12,3.14204441e-12
6.42800000e-05,1.15704000e-01,4.27016770e-12,4.89855734e-13,1.62354218e-12,3.13648126e-12
6.52800000e-05,1.17504000e-01,4.26883432e-12,5.43573238e-13,1.68137626e-12,3.13103130e-12
6.62800000e-05,1.19304000e-01,4.26747640e-12,6.00269476e-13,1.74228415e-12,3.12546172e-12
6.72800000e-05,1.21104000e-01,4.26627332e-12,6.60129868e-13,1.80639816e-12,3.12000502e-12
6.82800000e-05,1.22904000e-01,4.26504764e-12,7.23305365e-13,1.87392460e-12,3.11442840e-12
6.92800000e-05,1.24704000e-01,4.26397878e-12,7.89999695e-13,1.94501411e-12,3.10896437e-12
7.02800000e-05,1.26504000e-01,4.26288934e-12,8.60383107e-13,2.01989231e-12,3.10338014e-12
7.12800000e-05,1.28304000e-01,4.26195878e-12,9.34679675e-13,2.09873023e-12,3.09790823e-12
7.22800000e-05,1.30104000e-01,4.26100973e-12,1.01308109e-12,2.18177495e-12,3.09231587e-12
7.32800000e-05,1.31904000e-01,4.26022168e-12,1.09583405e-12,2.26922013e-12,3.08683560e-12
7.42800000e-05,1.33704000e-01,4.25941731e-12,1.18315406e-12,2.36133672e-12,3.08123465e-12
7.52800000e-05,1.35504000e-01,4.25877616e-12,1.27531294e-12,2.45834352e-12,3.07574558e-12
7.62800000e-05,1.37304000e-01,4.25812094e-12,1.37255269e-12,2.56053799e-12,3.07013564e-12
7.72800000e-05,1.39104000e-01,4.25763122e-12,1.47517303e-12,2.66816685e-12,3.06463740e-12
7.82800000e-05,1.40904000e-01,4.25712976e-12,1.58344539e-12,2.78155702e-12,3.05901813e-12
7.92800000e-05,1.42704000e-01,4.25679618e-12,1.69770049e-12,2.90098625e-12,3.05351042e-12
8.02800000e-05,1.44504000e-01,4.25645325e-12,1.81824246e-12,3.02681415e-12,3.04788156e-12
8.12800000e-05,1.46304000e-01,4.25628066e-12,1.94543648e-12,3.15935297e-12,3.04236417e-12
8.22800000e-05,1.48104000e-01,4.25610121e-12,2.07962298e-12,3.29899865e-12,3.03672554e-12
8.32800000e-05,1.49904000e-01,4.25609461e-12,2.22120542e-12,3.44610172e-12,3.03119831e-12
8.42800000e-05,1.51704000e-01,4.25608342e-12,2.37056457e-12,3.60109846e-12,3.02554953e-12
8.52800000e-05,1.53504000e-01,4.25624785e-12,2.52814639e-12,3.76438195e-12,3.02001230e-12
8.62800000e-05,1.55304000e-01,4.25641050e-12,2.69437647e-12,3.93643329e-12,3.01435368e-12
8.72800000e-05,1.57104000e-01,4.25675146e-12,2.86974799e-12,4.11769281e-12,3.00880663e-12
8.82800000e-05,1.58904000e-01,4.25709336e-12,3.05473631e-12,4.30869139e-12,3.00313828e-12
8.92800000e-05,1.60704000e-01,4.25761636e-12,3.24988706e-12,4.50992180e-12,2.99758161e-12
9.02800000e-05,1.62504000e-01,4.25814310e-12,3.45573088e-12,4.72197022e-12,2.99190376e-12
9.12800000e-05,1.64304000e-01,4.25885379e-12,3.67287165e-12,4.94538767e-12,2.98633777e-12
9.22800000e-05,1.66104000e-01,4.25957112e-12,3.90190138e-12,5.18082171e-12,2.98065079e-12
9.32800000e-05,1.67904000e-01,4.26047532e-12,4.14348864e-12,5.42888806e-12,2.97507590e-12
9.42800000e-05,1.69704000e-01,4.26138914e-12,4.39829360e-12,5.69030242e-12,2.96938032e-12
9.52800000e-05,1.71504000e-01,4.26249284e-12,4.66705664e-12,5.96575234e-12,2.96379714e-12
9.62800000e-05,1.73304000e-01,4.26360920e-12,4.95051362e-12,6.25602920e-12,2.95809361e-12
9.72800000e-05,1.75104000e-01,4.26491852e-12,5.24948466e-12,6.56190028e-12,2.95250289e-12
9.82800000e-05,1.76904000e-01,4.26624364e-12,5.56478962e-12,6.88424098e-12,2.94679229e-12
9.92800000e-05,1.78704000e-01,4.26776488e-12,5.89733717e-12,7.22390707e-12,2.94119498e-12
1.00280000e-04,1.80504000e-01,4.26930511e-12,6.24804043e-12,7.58186721e-12,2.93547833e-12
1.01280000e-04,1.82304000e-01,4.27104470e-12,6.61790632e-12,7.95907544e-12,2.92987558e-12
1.02280000e-04,1.84104000e-01,4.27280655e-12,7.00795149e-12,8.35660390e-12,2.92415414e-12
1.03280000e-04,1.85904000e-01,4.27477108e-12,7.41929193e-12,8.77551568e-12,2.91854733e-12
1.04280000e-04,1.87704000e-01,4.27676120e-12,7.85305920e-12,9.21699780e-12,2.91282261e-12
1.05280000e-04,1.89504000e-01,4.27895737e-12,8.31049031e-12,9.68223434e-12,2.90721335e-12
1.06280000e-04,1.91304000e-01,4.28118256e-12,8.79284433e-12,1.01725398e-11,2.90148710e-12
1.07280000e-04,1.93104000e-01,4.28361723e-12,9.30149259e-12,1.06892325e-11,2.89587729e-12
1.08280000e-04,1.94904000e-01,4.28608439e-12,9.83783562e-12,1.12337685e-11,2.89015154e-12
1.09280000e-04,1.96704000e-01,4.28876454e-12,1.04033938e-11,1.18076149e-11,2.88454338e-12
1.10280000e-04,1.98504000e-01,4.29148072e-12,1.09997245e-11,1.24123848e-11,2.87882050e-12
1.11280000e-04,2.00304000e-01,4.29441346e-12,1.16285136e-11,1.30497106e-11,2.87321651e-12
1.12280000e-04,2.02104000e-01,4.29738583e-12,1.22914926e-11,1.37213792e-11,2.86749920e-12
1.13280000e-04,2.03904000e-01,4.30057837e-12,1.29905305e-11,1.44292066e-11,2.86190228e-12
1.14280000e-04,2.05704000e-01,4.30381418e-12,1.37275521e-11,1.51751727e-11,2.85619363e-12
1.15280000e-04,2.07504000e-01,4.30727384e-12,1.45046298e-11,1.59612966e-11,2.85060706e-12
1.16280000e-04,2.09304000e-01,4.31078048e-12,1.53239025e-11,1.67897724e-11,2.84491058e-12
1.17280000e-04,2.11104000e-01,4.31451468e-12,1.61876680e-11,1.76628446e-11,2.83933811e-12
1.18280000e-04,2.12904000e-01,4.31829960e-12,1.70983028e-11,1.85829447e-11,2.83365778e-12
1.19280000e-04,2.14704000e-01,4.32231585e-12,1.80583548e-11,1.95525670e-11,2.82810363e-12
1.20280000e-04,2.16504000e-01,4.32638659e-12,1.90704636e-11,2.05744062e-11,2.82244393e-12
1.21280000e-04,2.18304000e-01,4.33069246e-12,2.01374542e-11,2.16512338e-11,2.81691288e-12
1.22280000e-04,2.20104000e-01,4.33505664e-12,2.12622581e-11,2.27860358e-11,2.81127888e-12
1.23280000e-04,2.21904000e-01,4.33965978e-12,2.24480075e-11,2.39818910e-11,2.80577628e-12
1.24280000e-04,2.23704000e-01,4.34432506e-12,2.36979571e-11,2.52421085e-11,2.80017365e-12
1.25280000e-04,2.25504000e-01,4.34923316e-12,2.50155796e-11,2.65701072e-11,2.79470553e-12
1.26280000e-04,2.27304000e-01,4.35420727e-12,2.64044879e-11,2.79695546e-11,2.78914065e-12
1.27280000e-04,2.29104000e-01,4.35942806e-12,2.78685319e-11,2.94442463e-11,2.78371374e-12
1.28280000e-04,2.30904000e-01,4.36471874e-12,2.94117214e-11,3.09982464e-11,2.77819375e-12
1.29280000e-04,2.32704000e-01,4.37025998e-12,3.10383239e-11,3.26357682e-11,2.77281560e-12
1.30280000e-04,2.34504000e-01,4.37587498e-12,3.27527887e-11,3.43613152e-11,2.76734846e-12
1.31280000e-04,2.36304000e-01,4.38174443e-12,3.45598458e-11,3.61795628e-11,2.76202748e-12
1.32280000e-04,2.38104000e-01,4.38769153e-12,3.64644315e-11,3.80955009e-11,2.75662209e-12
1.33280000e-04,2.39904000e-01,4.39389695e-12,3.84717877e-11,4.01143170e-11,2.75136768e-12
1.34280000e-04,2.41704000e-01,4.40018389e-12,4.05873895e-11,4.22415394e-11,2.74603395e-12
1.35280000e-04,2.43504000e-01,4.40673302e-12,4.28170458e-11,4.44829222e-11,2.74085658e-12
1.36280000e-04,2.45304000e-01,4.41336752e-12,4.51668278e-11,4.68445898e-11,2.73560555e-12
1.37280000e-04,2.47104000e-01,4.42026804e-12,4.76431718e-11,4.93329230e-11,2.73051686e-12
1.38280000e-04,2.48904000e-01,4.42725777e-12,5.02528089e-11,5.19547058e-11,2.72536082e-12
1.39280000e-04,2.50704000e-01,4.43451733e-12,5.30028691e-11,5.47170127e-11,2.72037375e-12
1.40280000e-04,2.52504000e-01,4.44186987e-12,5.59008135e-11,5.76273570e-11,2.71532634e-12
1.41280000e-04,2.54304000e-01,4.44949602e-12,5.89545396e-11,6.06935803e-11,2.71045529e-12
1.42280000e-04,2.56104000e-01,4.45721890e-12,6.21723155e-11,6.39240027e-11,2.70553167e-12
1.43280000e-04,2.57904000e-01,4.46521910e-12,6.55628875e-11,6.73273139e-11,2.70079261e-12
1.44280000e-04,2.59704000e-01,4.47331972e-12,6.91354156e-11,7.09127258e-11,2.69600960e-12
1.45280000e-04,2.61504000e-01,4.48170132e-12,7.28995844e-11,7.46898654e-11,2.69142023e-12
1.46280000e-04,2.63304000e-01,4.49018695e-12,7.68655399e-11,7.86689303e-11,2.68679649e-12
1.47280000e-04,2.65104000e-01,4.49895714e-12,8.10440028e-11,8.28605835e-11,2.68237646e-12
1.48280000e-04,2.66904000e-01,4.50783492e-12,8.54462090e-11,8.72761112e-11,2.67793267e-12
1.49280000e-04,2.68704000e-01,4.51700075e-12,9.00840238e-11,9.19273208e-11,2.67370375e-12
1.50280000e-04,2.70504000e-01,4.52627762e-12,9.49698860e-11,9.68267008e-11,2.66946280e-12
1.51280000e-04,2.72304000e-01,4.53584595e-12,1.00116925e-10,1.01987322e-10,2.66544909e-12
1.52280000e-04,2.74104000e-01,4.54552868e-12,1.05538909e-10,1.07423001e-10,2.66143635e-12
1.53280000e-04,2.75904000e-01,4.55550618e-12,1.11250361e-10,1.13148203e-10,2.65766452e-12
1.54280000e-04,2.77704000e-01,4.56560132e-12,1.17266515e-10,1.19178209e-10,2.65390805e-12
1.55280000e-04,2.79504000e-01,4.57599441e-12,1.23603436e-10,1.25529023e-10,2.65040763e-12
1.56280000e-04,2.81304000e-01,4.58650826e-12,1.30277973e-10,1.32217543e-10,2.64693848e-12
1.57280000e-04,2.83104000e-01,4.59732312e-12,1.37307889e-10,1.39261470e-10,2.64374210e-12
1.58280000e-04,2.84904000e-01,4.60826174e-12,1.44711815e-10,1.46679483e-10,2.64059458e-12
1.59280000e-04,2.86704000e-01,4.61950428e-12,1.52509388e-10,1.54491154e-10,2.63773832e-12
1.60280000e-04,2.88504000e-01,4.63087342e-12,1.60721204e-10,1.62717127e-10,2.63495036e-12
1.61280000e-04,2.90304000e-01,4.64254926e-12,1.69368961e-10,1.71379036e-10,2.63247410e-12
1.62280000e-04,2.92104000e-01,4.65435438e-12,1.78475420e-10,1.80499687e-10,2.63008760e-12
1.63280000e-04,2.93904000e-01,4.66646879e-12,1.88064553e-10,1.90102986e-10,2.62803535e-12
1.64280000e-04,2.95704000e-01,4.67871501e-12,1.98161504e-10,2.00214122e-10,2.62609658e-12
1.65280000e-04,2.97504000e-01,4.69127296e-12,2.08792744e-10,2.10859500e-10,2.62451696e-12
1.66280000e-04,2.99304000e-01,4.70396504e-12,2.19986042e-10,2.22066931e-10,2.62307697e-12
1.67280000e-04,3.01104000e-01,4.71697109e-12,2.31770622e-10,2.33865570e-10,2.62202361e-12
1.68280000e-04,3.02904000e-01,4.73011343e-12,2.44177139e-10,2.46286114e-10,2.62113875e-12
1.69280000e-04,3.04704000e-01,4.74357178e-12,2.57237842e-10,2.59360743e-10,2.62067083e-12
1.70280000e-04,3.06504000e-01,4.75716834e-12,2.70986559e-10,2.73123324e-10,2.62040322e-12
1.71280000e-04,3.08304000e-01,4.77108276e-12,2.85458864e-10,2.87609361e-10,2.62058596e-12
1.72280000e-04,3.10104000e-01,4.78513712e-12,3.00692073e-10,3.02856207e-10,2.62100410e-12
1.73280000e-04,3.11904000e-01,4.79951095e-12,3.16725415e-10,3.18903016e-10,2.62190941e-12
1.74280000e-04,3.13704000e-01,4.81402622e-12,3.33600031e-10,3.35790969e-10,2.62308876e-12
1.75280000e-04,3.15504000e-01,4.82886233e-12,3.51359162e-10,3.53563229e-10,2.62479584e-12
1.76280000e-04,3.17304000e-01,4.84384115e-12,3.70048151e-10,3.72265173e-10,2.62681952e-12
1.77280000e-04,3.19104000e-01,4.85914195e-12,3.89714638e-10,3.91944364e-10,2.62941559e-12
1.78280000e-04,3.20904000e-01,4.87458648e-12,4.10408574e-10,4.12650786e-10,2.63237511e-12
1.79280000e-04,3.22704000e-01,4.89035387e-12,4.32182423e-10,4.34436820e-10,2.63595617e-12
1.80280000e-04,3.24504000e-01,4.90626574e-12,4.55091185e-10,4.57357499e-10,2.63995222e-12
1.81280000e-04,3.26304000e-01,4.92250111e-12,4.79192609e-10,4.81470486e-10,2.64462386e-12
1.82280000e-04,3.28104000e-01,4.93888145e-12,5.04547226e-10,5.06836340e-10,2.64976718e-12
1.83280000e-04,3.29904000e-01,4.95558563e-12,5.31218570e-10,5.33518510e-10,2.65564552e-12
1.84280000e-04,3.31704000e-01,4.97243500e-12,5.59273225e-10,5.61583602e-10,2.66205785e-12
1.85280000e-04,3.33504000e-01,4.98960830e-12,5.88781054e-10,5.91101392e-10,2.66927050e-12
1.86280000e-04,3.35304000e-01,5.00692670e-12,6.19815260e-10,6.22145101e-10,2.67708559e-12
1.87280000e-04,3.37104000e-01,5.02456882e-12,6.52452625e-10,6.54791421e-10,2.68577272e-12
1.88280000e-04,3.38904000e-01,5.04235569e-12,6.86773582e-10,6.89120800e-10,2.69513743e-12
1.89280000e-04,3.40704000e-01,5.06046576e-12,7.22862470e-10,7.25217483e-10,2.70545293e-12
1.90280000e-04,3.42504000e-01,5.07871992e-12,7.60807621e-10,7.63169812e-10,2.71652846e-12
1.91280000e-04,3.44304000e-01,5.09729648e-12,8.00701618e-10,8.03070274e-10,2.72864113e-12
1.92280000e-04,3.46104000e-01,5.11601616e-12,8.42641406e-10,8.45015818e-10,2.74160428e-12
1.93280000e-04,3.47904000e-01,5.13505712e-12,8.86728563e-10,8.89107920e-10,2.75569925e-12
1.94280000e-04,3.49704000e-01,5.15423993e-12,9.33069417e-10,9.35452913e-10,2.77074382e-12
1.95280000e-04,3.51504000e-01,5.17374258e-12,9.81775346e-10,9.84162064e-10,2.78702395e-12
1.96280000e-04,3.53304000e-01,5.19338549e-12,1.03296290e-09,1.03535192e-09,2.80436223e-12
1.97280000e-04,3.55104000e-01,5.21334649e-12,1.08675411e-09,1.08914441e-09,2.82304967e-12
1.98280000e-04,3.56904000e-01,5.23344586e-12,1.14327666e-09,1.14566719e-09,2.84291409e-12
1.99280000e-04,3.58704000e-01,5.25386124e-12,1.20266418e-09,1.20505379e-09,2.86425194e-12
2.00280000e-04,3.60504000e-01,5.27441275e-12,1.26505641e-09,1.26744393e-09,2.88689675e-12
2.01280000e-04,3.62304000e-01,5.29527790e-12,1.33059960e-09,1.33298372e-09,2.91115089e-12
2.02280000e-04,3.64104000e-01,5.31627661e-12,1.39944661e-09,1.40182603e-09,2.93685405e-12
2.03280000e-04,3.65904000e-01,5.33758625e-12,1.47175734e-09,1.47413061e-09,2.96431502e-12
2.04280000e-04,3.67704000e-01,5.35902658e-12,1.54769891e-09,1.55006456e-09,2.99338017e-12
2.05280000e-04,3.69504000e-01,5.38077478e-12,1.62744602e-09,1.62980243e-09,3.02436523e-12
2.06280000e-04,3.71304000e-01,5.40265048e-12,1.71118121e-09,1.71352674e-09,3.05712380e-12
2.07280000e-04,3.73104000e-01,5.42483070e-12,1.79909524e-09,1.80142809e-09,3.09197914e-12
2.08280000e-04,3.74904000e-01,5.44713488e-12,1.89138733e-09,1.89370567e-09,3.12879263e-12
2.09280000e-04,3.76704000e-01,5.46973989e-12,1.98826560e-09,1.99056744e-09,3.16789566e-12
2.10280000e-04,3.78504000e-01,5.49246503e-12,2.08994732e-09,2.09223062e-09,3.20915803e-12
2.11280000e-04,3.80304000e-01,5.51548699e-12,2.19665937e-09,2.19892193e-09,3.25291987e-12
2.12280000e-04,3.82104000e-01,5.53862491e-12,2.30863851e-09,2.31087807e-09,3.29906009e-12
2.13280000e-04,3.83904000e-01,5.56205534e-12,2.42613186e-09,2.42834599e-09,3.34792822e-12
2.14280000e-04,3.85704000e-01,5.58559725e-12,2.54939723e-09,2.55158341e-09,3.39941295e-12
2.15280000e-04,3.87504000e-01,5.60942704e-12,2.67870355e-09,2.68085910e-09,3.45387396e-12
2.16280000e-04,3.89304000e-01,5.63336353e-12,2.81433128e-09,2.81645344e-09,3.51121043e-12
2.17280000e-04,3.91104000e-01,5.65758295e-12,2.95657289e-09,2.95865868e-09,3.57179294e-12
2.18280000e-04,3.92904000e-01,5.68190399e-12,3.10573321e-09,3.10777958e-09,3.63553197e-12
2.19280000e-04,3.94704000e-01,5.70650274e-12,3.26212999e-09,3.26413368e-09,3.70280977e-12
2.20280000e-04,3.96504000e-01,5.73119773e-12,3.42609430e-09,3.42805194e-09,3.77354891e-12
2.21280000e-04,3.98304000e-01,5.75616489e-12,3.59797105e-09,3.59987907e-09,3.84814415e-12
2.22280000e-04,4.00104000e-01,5.78122263e-12,3.77811947e-09,3.77997416e-09,3.92653102e-12
2.23280000e-04,4.01904000e-01,5.80654674e-12,3.96691365e-09,3.96871108e-09,4.00911767e-12
2.24280000e-04,4.03704000e-01,5.83195549e-12,4.16474299e-09,4.16647910e-09,4.09585346e-12
2.25280000e-04,4.05504000e-01,5.85762454e-12,4.37201287e-09,4.37368333e-09,4.18716084e-12
2.26280000e-04,4.07304000e-01,5.88337202e-12,4.58914503e-09,4.59074540e-09,4.28300394e-12
2.27280000e-04,4.09104000e-01,5.90937346e-12,4.81657833e-09,4.81810388e-09,4.38382047e-12
2.28280000e-04,4.10904000e-01,5.93544687e-12,5.05476915e-09,5.05621500e-09,4.48959028e-12
2.29280000e-04,4.12704000e-01,5.96176766e-12,5.30419213e-09,5.30555313e-09,4.60076734e-12
2.30280000e-04,4.14504000e-01,5.98815371e-12,5.56534069e-09,5.56661150e-09,4.71734824e-12
2.31280000e-04,4.16304000e-01,6.01478033e-12,5.83872773e-09,5.83990270e-09,4.83980420e-12
2.32280000e-04,4.18104000e-01,6.04146528e-12,6.12488617e-09,6.12595949e-09,4.96814962e-12
2.33280000e-04,4.19904000e-01,6.06838375e-12,6.42436975e-09,6.42533526e-09,5.10287404e-12
2.34280000e-04,4.21704000e-01,6.09535341e-12,6.73775355e-09,6.73860490e-09,5.24401074e-12
2.35280000e-04,4.23504000e-01,6.12254934e-12,7.06563484e-09,7.06636532e-09,5.39206867e-12
2.36280000e-04,4.25304000e-01,6.14978911e-12,7.40863364e-09,7.40923633e-09,5.54710111e-12
2.37280000e-04,4.27104000e-01,6.17724771e-12,7.76739355e-09,7.76786116e-09,5.70963756e-12
2.38280000e-04,4.28904000e-01,6.20474261e-12,8.14258243e-09,8.14290742e-09,5.87975242e-12
2.39280000e-04,4.30704000e-01,6.23244873e-12,8.53489321e-09,8.53506766e-09,6.05799693e-12
2.40280000e-04,4.32504000e-01,6.26018345e-12,8.94504461e-09,8.94506032e-09,6.24446778e-12
2.41280000e-04,4.34304000e-01,6.28812160e-12,9.37378199e-09,9.37363037e-09,6.43973912e-12
2.42280000e-04,4.36104000e-01,6.31608050e-12,9.82187811e-09,9.82155026e-09,6.64393117e-12
2.43280000e-04,4.37904000e-01,6.34423490e-12,1.02901340e-08,1.02896206e-08,6.85764218e-12
2.44280000e-04,4.39704000e-01,6.37240205e-12,1.07793799e-08,1.07786713e-08,7.08101711e-12
2.45280000e-04,4.41504000e-01,6.40075666e-12,1.12904759e-08,1.12895620e-08,7.31467960e-12
2.46280000e-04,4.43304000e-01,6.42911591e-12,1.18243130e-08,1.18231833e-08,7.55880060e-12
2.47280000e-04,4.45104000e-01,6.45765445e-12,1.23818140e-08,1.23804576e-08,7.81403037e-12
2.48280000e-04,4.46904000e-01,6.48618942e-12,1.29639345e-08,1.29623401e-08,8.08056713e-12
2.49280000e-04,4.48704000e-01,6.51489543e-12,1.35716637e-08,1.35698195e-08,8.35908905e-12
2.50280000e-04,4.50504000e-01,6.54358956e-12,1.42060255e-08,1.42039193e-08,8.64982292e-12
2.51280000e-04,4.52304000e-01,6.57244640e-12,1.48680795e-08,1.48656984e-08,8.95347610e-12
2.52280000e-04,4.54104000e-01,6.60128301e-12,1.55589218e-08,1.55562528e-08,9.27030525e-12
2.53280000e-04,4.55904000e-01,6.63027392e-12,1.62796866e-08,1.62767159e-08,9.60104826e-12
2.54280000e-04,4.57704000e-01,6.65923621e-12,1.70315466e-08,1.70282599e-08,9.94599293e-12
2.55280000e-04,4.59504000e-01,6.68834437e-12,1.78157146e-08,1.78120971e-08,1.03059090e-11
2.56280000e-04,4.61304000e-01,6.71741545e-12,1.86334443e-08,1.86294806e-08,1.06811168e-11
2.57280000e-04,4.63104000e-01,6.74662397e-12,1.94860317e-08,1.94817059e-08,1.10724191e-11
2.58280000e-04,4.64904000e-01,6.77578696e-12,2.03748161e-08,2.03701117e-08,1.14801702e-11
2.59280000e-04,4.66704000e-01,6.80507892e-12,2.13011816e-08,2.12960814e-08,1.19052073e-11
2.60280000e-04,4.68504000e-01,6.83431691e-12,2.22665577e-08,2.22610441e-08,1.23479196e-11
2.61280000e-04,4.70304000e-01,6.86367545e-12,2.32724214e-08,2.32664759e-08,1.28091804e-11
2.62280000e-04,4.72104000e-01,6.89297158e-12,2.43202980e-08,2.43139015e-08,1.32894152e-11
2.63280000e-04,4.73904000e-01,6.92237985e-12,2.54117622e-08,2.54048951e-08,1.37895342e-11
2.64280000e-04,4.75704000e-01,6.95171734e-12,2.65484402e-08,2.65410820e-08,1.43100008e-11
2.65280000e-04,4.77504000e-01,6.98115860e-12,2.77320105e-08,2.77241399e-08,1.48517636e-11
2.66280000e-04,4.79304000e-01,7.01052076e-12,2.89642052e-08,2.89558004e-08,1.54153248e-11
2.67280000e-04,4.81104000e-01,7.03997840e-12,3.02468121e-08,3.02378504e-08,1.60016725e-11
2.68280000e-04,4.82904000e-01,7.06934869e-12,3.15816755e-08,3.15721335e-08,1.66113492e-11
2.69280000e-04,4.84704000e-01,7.09880625e-12,3.29706984e-08,3.29605518e-08,1.72453839e-11
2.70280000e-04,4.86504000e-01,7.12816829e-12,3.44158431e-08,3.44050669e-08,1.79043602e-11
2.71280000e-04,4.88304000e-01,7.15760950e-12,3.59191339e-08,3.59077022e-08,1.85893491e-11
2.72280000e-04,4.90104000e-01,7.18694712e-12,3.74826577e-08,3.74705437e-08,1.93009767e-11
2.73280000e-04,4.91904000e-01,7.21635591e-12,3.91085663e-08,3.90957423e-08,2.00403567e-11
2.74280000e-04,4.93704000e-01,7.24565319e-12,4.07990778e-08,4.07855153e-08,2.08081589e-11
2.75280000e-04,4.95504000e-01,7.27501376e-12,4.25564782e-08,4.25421477e-08,2.16055409e-11
2.76280000e-04,4.97304000e-01,7.30425500e-12,4.43831235e-08,4.43679945e-08,2.24332169e-11
2.77280000e-04,4.99104000e-01,7.33355182e-12,4.62814409e-08,4.62654820e-08,2.32923892e-11
2.78280000e-04,5.00904000e-01,7.36272165e-12,4.82539310e-08,4.82371099e-08,2.41838172e-11
2.79280000e-04,5.02704000e-01,7.39193947e-12,5.03031696e-08,5.02854528e-08,2.51087487e-11
2.80280000e-04,5.04504000e-01,7.42102282e-12,5.24318092e-08,5.24131622e-08,2.60679889e-11
2.81280000e-04,5.06304000e-01,7.45014675e-12,5.46425810e-08,5.46229683e-08,2.70628317e-11
2.82280000e-04,5.08104000e-01,7.47912888e-12,5.69382969e-08,5.69176819e-08,2.80941287e-11
2.83280000e-04,5.09904000e-01,7.50814435e-12,5.93218510e-08,5.93001959e-08,2.91632202e-11
2.84280000e-04,5.11704000e-01,7.53701089e-12,6.17962219e-08,6.17734879e-08,3.02710042e-11
2.85280000e-04,5.13504000e-01,7.56590373e-12,6.43644742e-08,6.43406213e-08,3.14188678e-11
2.86280000e-04,5.15304000e-01,7.59464069e-12,6.70297608e-08,6.70047477e-08,3.26077555e-11
2.87280000e-04,5.17104000e-01,7.62339710e-12,6.97953242e-08,6.97691085e-08,3.38391010e-11
2.88280000e-04,5.18904000e-01,7.65199090e-12,7.26644989e-08,7.26370370e-08,3.51138950e-11
2.89280000e-04,5.20704000e-01,7.68059751e-12,7.56407131e-08,7.56119601e-08,3.64336174e-11
2.90280000e-04,5.22504000e-01,7.70903496e-12,7.87274904e-08,7.86974002e-08,3.77993047e-11
2.91280000e-04,5.24304000e-01,7.73747882e-12,8.19284518e-08,8.18969768e-08,3.92124821e-11
2.92280000e-04,5.26104000e-01,7.76574721e-12,8.52473174e-08,8.52144089e-08,4.06742311e-11
2.93280000e-04,5.27904000e-01,7.79401580e-12,8.86879082e-08,8.86535161e-08,4.21861209e-11
2.94280000e-04,5.29704000e-01,7.82210285e-12,9.22541479e-08,9.22182207e-08,4.37492767e-11
2.95280000e-04,5.31504000e-01,7.85018412e-12,9.59500645e-08,9.59125493e-08,4.53653106e-11
2.96280000e-04,5.33304000e-01,7.87807801e-12,9.97797919e-08,9.97406346e-08,4.70353892e-11
2.97280000e-04,5.35104000e-01,7.90596039e-12,1.03747572e-07,1.03706717e-07,4.87611656e-11
2.98280000e-04,5.36904000e-01,7.93364977e-12,1.07857755e-07,1.07815144e-07,5.05438459e-11
2.99280000e-04,5.38704000e-01,7.96132216e-12,1.12114801e-07,1.12070378e-07,5.23851213e-11
3.00280000e-04,5.40504000e-01,7.98879618e-12,1.16523285e-07,1.16476988e-07,5.42862348e-11
3.01280000e-04,5.42304000e-01,8.01624796e-12,1.21087892e-07,1.21039659e-07,5.62489127e-11
3.02280000e-04,5.44104000e-01,8.04349624e-12,1.25813421e-07,1.25763191e-07,5.82744315e-11
3.03280000e-04,5.45904000e-01,8.07071729e-12,1.30704790e-07,1.30652496e-07,6.03645489e-11
3.04280000e-04,5.47704000e-01,8.09772997e-12,1.35767030e-07,1.35712607e-07,6.25205710e-11
3.05280000e-04,5.49504000e-01,8.12471067e-12,1.41005290e-07,1.40948670e-07,6.47442827e-11
3.06280000e-04,5.51304000e-01,8.15147837e-12,1.46424837e-07,1.46365951e-07,6.70370151e-11
3.07280000e-04,5.53104000e-01,8.17820960e-12,1.52031057e-07,1.51969834e-07,6.94005754e-11
3.08280000e-04,5.54904000e-01,8.20472347e-12,1.57829453e-07,1.57765822e-07,7.18363144e-11
3.09280000e-04,5.56704000e-01,8.23119661e-12,1.63825651e-07,1.63759536e-07,7.43460562e-11
3.10280000e-04,5.58504000e-01,8.25744828e-12,1.70025393e-07,1.69956719e-07,7.69311652e-11
3.11280000e-04,5.60304000e-01,8.28365524e-12,1.76434540e-07,1.76363230e-07,7.95934762e-11
3.12280000e-04,5.62104000e-01,8.30963685e-12,1.83059075e-07,1.82985050e-07,8.23343609e-11
3.13280000e-04,5.63904000e-01,8.33557001e-12,1.89905097e-07,1.89828276e-07,8.51556576e-11
3.14280000e-04,5.65704000e-01,8.36127422e-12,1.96978823e-07,1.96899126e-07,8.80587380e-11
3.15280000e-04,5.67504000e-01,8.38692650e-12,2.04286590e-07,2.04203932e-07,9.10454365e-11
3.16280000e-04,5.69304000e-01,8.41234645e-12,2.11834849e-07,2.11749144e-07,9.41171168e-11
3.17280000e-04,5.71104000e-01,8.43771123e-12,2.19630167e-07,2.19541329e-07,9.72756013e-11
3.18280000e-04,5.72904000e-01,8.46284057e-12,2.27679223e-07,2.27587164e-07,1.00522237e-10
3.19280000e-04,5.74704000e-01,8.48791176e-12,2.35988811e-07,2.35893441e-07,1.03858826e-10
3.20280000e-04,5.76504000e-01,8.51274463e-12,2.44565834e-07,2.44467061e-07,1.07286688e-10
3.21280000e-04,5.78304000e-01,8.53751660e-12,2.53417304e-07,2.53315033e-07,1.10807597e-10
3.22280000e-04,5.80104000e-01,8.56204763e-12,2.62550336e-07,2.62444475e-07,1.14422836e-10
3.23280000e-04,5.81904000e-01,8.58651524e-12,2.71972152e-07,2.71862605e-07,1.18134138e-10
3.24280000e-04,5.83704000e-01,8.61073953e-12,2.81690075e-07,2.81576743e-07,1.21942743e-10
3.25280000e-04,5.85504000e-01,8.63489812e-12,2.91711523e-07,2.91594308e-07,1.25850332e-10
3.26280000e-04,5.87304000e-01,8.65881124e-12,3.02044011e-07,3.01922812e-07,1.29858089e-10
3.27280000e-04,5.89104000e-01,8.68265662e-12,3.12695145e-07,3.12569860e-07,1.33967634e-10
3.28280000e-04,5.90904000e-01,8.70625460e-12,3.23672618e-07,3.23543144e-07,1.38180084e-10
3.29280000e-04,5.92704000e-01,8.72978303e-12,3.34984207e-07,3.34850440e-07,1.42496988e-10
3.30280000e-04,5.94504000e-01,8.75306235e-12,3.46637771e-07,3.46499605e-07,1.46919385e-10
3.31280000e-04,5.96304000e-01,8.77627053e-12,3.58641242e-07,3.58498569e-07,1.51448740e-10
3.32280000e-04,5.98104000e-01,8.79922811e-12,3.71002623e-07,3.70855336e-07,1.56086004e-10
3.33280000e-04,5.99904000e-01,8.82211318e-12,3.83729986e-07,3.83577976e-07,1.60832549e-10
3.34280000e-04,6.01704000e-01,8.84474638e-12,3.96831463e-07,3.96674619e-07,1.65689226e-10
3.35280000e-04,6.03504000e-01,8.86730589e-12,4.10315243e-07,4.10153453e-07,1.70657300e-10
3.36280000e-04,6.05304000e-01,8.88961247e-12,4.24189567e-07,4.24022719e-07,1.75737515e-10
3.37280000e-04,6.07104000e-01,8.91184440e-12,4.38462720e-07,4.38290701e-07,1.80931020e-10
3.38280000e-04,6.08904000e-01,8.93382253e-12,4.53143030e-07,4.52965725e-07,1.86238437e-10
3.39280000e-04,6.10704000e-01,8.95572524e-12,4.68238857e-07,4.68056152e-07,1.91660790e-10
3.40280000e-04,6.12504000e-01,8.97737348e-12,4.83758594e-07,4.83570373e-07,1.97198571e-10
3.41280000e-04,6.14304000e-01,8.99894573e-12,4.99710654e-07,4.99516800e-07,2.02852668e-10
3.42280000e-04,6.16104000e-01,9.02026302e-12,5.16103467e-07,5.15903864e-07,2.08623434e-10
3.43280000e-04,6.17904000e-01,9.04150393e-12,5.32945476e-07,5.32740006e-07,2.14511614e-10
3.44280000e-04,6.19704000e-01,9.06248957e-12,5.50245126e-07,5.50033671e-07,2.20517411e-10
3.45280000e-04,6.21504000e-01,9.08339861e-12,5.68010862e-07,5.67793304e-07,2.26641418e-10
3.46280000e-04,6.23304000e-01,9.10405227e-12,5.86251120e-07,5.86027341e-07,2.32883683e-10
3.47280000e-04,6.25104000e-01,9.12462926e-12,6.04974324e-07,6.04744204e-07,2.39244639e-10
3.48280000e-04,6.26904000e-01,9.14495091e-12,6.24188873e-07,6.23952294e-07,2.45724173e-10
3.49280000e-04,6.28704000e-01,9.16519602e-12,6.43903142e-07,6.43659985e-07,2.52322551e-10
3.50280000e-04,6.30504000e-01,9.18518598e-12,6.64125472e-07,6.63875617e-07,2.59039491e-10
3.51280000e-04,6.32304000e-01,9.20509966e-12,6.84864161e-07,6.84607491e-07,2.65875091e-10
3.52280000e-04,6.34104000e-01,9.22475854e-12,7.06127464e-07,7.05863860e-07,2.72828895e-10
3.53280000e-04,6.35904000e-01,9.24434158e-12,7.27923581e-07,7.27652924e-07,2.79900828e-10
3.54280000e-04,6.37704000e-01,9.26367029e-12,7.50260654e-07,7.49982827e-07,2.87090257e-10
3.55280000e-04,6.39504000e-01,9.28292373e-12,7.73146758e-07,7.72861644e-07,2.94396930e-10
3.56280000e-04,6.41304000e-01,9.30192347e-12,7.96589898e-07,7.96297380e-07,3.01820039e-10
3.57280000e-04,6.43104000e-01,9.32084863e-12,8.20598002e-07,8.20297964e-07,3.09359152e-10
3.58280000e-04,6.44904000e-01,9.33952087e-12,8.45178913e-07,8.44871239e-07,3.17013283e-10
3.59280000e-04,6.46704000e-01,9.35811934e-12,8.70340386e-07,8.70024962e-07,3.24781823e-10
3.60280000e-04,6.48504000e-01,9.37646578e-12,8.96090080e-07,8.95766793e-07,3.32663608e-10
3.61280000e-04,6.50304000e-01,9.39473939e-12,9.22435556e-07,9.22104293e-07,3.40657853e-10
3.62280000e-04,6.52104000e-01,9.41276197e-12,9.49384269e-07,9.49044918e-07,3.48763220e-10
3.63280000e-04,6.53904000e-01,9.43071279e-12,9.76943561e-07,9.76596013e-07,3.56978749e-10
3.64280000e-04,6.55704000e-01,9.44841368e-12,1.00512066e-06,1.00476481e-06,3.65302930e-10
3.65280000e-04,6.57504000e-01,9.46604398e-12,1.03392268e-06,1.03355841e-06,3.73734635e-10
3.66280000e-04,6.59304000e-01,9.48342557e-12,1.06335660e-06,1.06298381e-06,3.82272187e-10
3.67280000e-04,6.61104000e-01,9.50073783e-12,1.09342927e-06,1.09304786e-06,3.90914292e-10
3.68280000e-04,6.62904000e-01,9.51780270e-12,1.12414742e-06,1.12375728e-06,3.99659112e-10
3.69280000e-04,6.64704000e-01,9.53479959e-12,1.15551763e-06,1.15511866e-06,4.08505198e-10
3.70280000e-04,6.66504000e-01,9.55155050e-12,1.18754635e-06,1.18713845e-06,4.17450555e-10
3.71280000e-04,6.68304000e-01,9.56823489e-12,1.22023987e-06,1.21982295e-06,4.26493585e-10
3.72280000e-04,6.70104000e-01,9.58467477e-12,1.25360436e-06,1.25317831e-06,4.35632146e-10
3.73280000e-04,6.71904000e-01,9.60104965e-12,1.28764580e-06,1.28721054e-06,4.44864498e-10
3.74280000e-04,6.73704000e-01,9.61718161e-12,1.32237007e-06,1.32192550e-06,4.54188363e-10
3.75280000e-04,6.75504000e-01,9.63325017e-12,1.35778284e-06,1.35732887e-06,4.63601867e-10
3.76280000e-04,6.77304000e-01,9.64907743e-12,1.39388966e-06,1.39342621e-06,4.73102606e-10
3.77280000e-04,6.79104000e-01,9.66484298e-12,1.43069592e-06,1.43022289e-06,4.82688581e-10
3.78280000e-04,6.80904000e-01,9.68036894e-12,1.46820682e-06,1.46772414e-06,4.92357271e-10
3.79280000e-04,6.82704000e-01,9.69583491e-12,1.50642743e-06,1.50593502e-06,5.02106568e-10
3.80280000e-04,6.84504000e-01,9.71106306e-12,1.54536264e-06,1.54486042e-06,5.11933842e-10
3.81280000e-04,6.86304000e-01,9.72623302e-12,1.58501718e-06,1.58450507e-06,5.21836883e-10
3.82280000e-04,6.88104000e-01,9.74116699e-12,1.62539562e-06,1.62487355e-06,5.31812969e-10
3.83280000e-04,6.89904000e-01,9.75604461e-12,1.66650236e-06,1.66597026e-06,5.41859800e-10
3.84280000e-04,6.91704000e-01,9.77068810e-12,1.70834163e-06,1.70779942e-06,5.51974569e-10
3.85280000e-04,6.93504000e-01,9.78527715e-12,1.75091750e-06,1.75036513e-06,5.62154898e-10
3.86280000e-04,6.95304000e-01,9.79963399e-12,1.79423388e-06,1.79367128e-06,5.72397909e-10
3.87280000e-04,6.97104000e-01,9.81393832e-12,1.83829450e-06,1.83772161e-06,5.82701159e-10
3.88280000e-04,6.98904000e-01,9.82801240e-12,1.88310294e-06,1.88251970e-06,5.93061709e-10
3.89280000e-04,7.00704000e-01,9.84203595e-12,1.92866261e-06,1.92806897e-06,6.03477063e-10
3.90280000e-04,7.02504000e-01,9.85583124e-12,1.97497676e-06,1.97437267e-06,6.13944233e-10
3.91280000e-04,7.04304000e-01,9.86957802e-12,2.02204848e-06,2.02143388e-06,6.24460680e-10
3.92280000e-04,7.06104000e-01,9.88309855e-12,2.06988069e-06,2.06925555e-06,6.35023381e-10
3.93280000e-04,7.07904000e-01,9.89657261e-12,2.11847617e-06,2.11784044e-06,6.45629765e-10
3.94280000e-04,7.09704000e-01,9.90982249e-12,2.16783753e-06,2.16719116e-06,6.56276784e-10
3.95280000e-04,7.11504000e-01,9.92302796e-12,2.21796722e-06,2.21731018e-06,6.66961848e-10
3.96280000e-04,7.13304000e-01,9.93601131e-12,2.26886756e-06,2.26819981e-06,6.77681895e-10
3.97280000e-04,7.15104000e-01,9.94895234e-12,2.32054070e-06,2.31986221e-06,6.88434325e-10
3.98280000e-04,7.16904000e-01,9.96167336e-12,2.37298863e-06,2.37229938e-06,6.99216073e-10
3.99280000e-04,7.18704000e-01,9.97435415e-12,2.42621324e-06,2.42551319e-06,7.10024540e-10
4.00280000e-04,7.20504000e-01,9.98681704e-12,2.48021622e-06,2.47950535e-06,7.20856669e-10
4.01280000e-04,7.22304000e-01,9.99924182e-12,2.53499916e-06,2.53427745e-06,7.31709872e-10
4.02280000e-04,7.24104000e-01,1.00114508e-11,2.59056349e-06,2.58983092e-06,7.42581107e-10
4.03280000e-04,7.25904000e-01,1.00236238e-11,2.64691052e-06,2.64616707e-06,7.53467807e-10
4.04280000e-04,7.27704000e-01,1.00355832e-11,2.70404140e-06,2.70328707e-06,7.64366956e-10
4.05280000e-04,7.29504000e-01,1.00475087e-11,2.76195719e-06,2.76119196e-06,7.75276017e-10
4.06280000e-04,7.31304000e-01,1.00592228e-11,2.82065879e-06,2.81988266e-06,7.86192005e-10
4.07280000e-04,7.33104000e-01,1.00709051e-11,2.88014699e-06,2.87935995e-06,7.97112423e-10
4.08280000e-04,7.34904000e-01,1.00823780e-11,2.94042246e-06,2.93962450e-06,8.08034327e-10
4.09280000e-04,7.36704000e-01,1.00938213e-11,3.00148573e-06,3.00067687e-06,8.18955263e-10
4.10280000e-04,7.38504000e-01,1.01050575e-11,3.06333725e-06,3.06251748e-06,8.29872338e-10
4.11280000e-04,7.40304000e-01,1.01162662e-11,3.12597734e-06,3.12514667e-06,8.40783149e-10
4.12280000e-04,7.42104000e-01,1.01272697e-11,3.18940620e-06,3.18856464e-06,8.51684857e-10
4.13280000e-04,7.43904000e-01,1.01382480e-11,3.25362394e-06,3.25277150e-06,8.62575118e-10
4.14280000e-04,7.45704000e-01,1.01490234e-11,3.31863057e-06,3.31776727e-06,8.73451153e-10
4.15280000e-04,7.47504000e-01,1.01597755e-11,3.38442599e-06,3.38355184e-06,8.84310682e-10
4.16280000e-04,7.49304000e-01,1.01703268e-11,3.45101001e-06,3.45012503e-06,8.95150991e-10
4.17280000e-04,7.51104000e-01,1.01808571e-11,3.51838234e-06,3.51748655e-06,9.05969868e-10
4.18280000e-04,7.52904000e-01,1.01911886e-11,3.58654261e-06,3.58563604e-06,9.16764672e-10
4.19280000e-04,7.54704000e-01,1.02015012e-11,3.65549035e-06,3.65457302e-06,9.27533261e-10
4.20280000e-04,7.56504000e-01,1.02116171e-11,3.72522503e-06,3.72429697e-06,9.38273069e-10
4.21280000e-04,7.58304000e-01,1.02217162e-11,3.79574600e-06,3.79480724e-06,9.48982030e-10
4.22280000e-04,7.60104000e-01,1.02316208e-11,3.86705257e-06,3.86610314e-06,9.59657656e-10
4.23280000e-04,7.61904000e-01,1.02415106e-11,3.93914395e-06,3.93818389e-06,9.70297960e-10
4.24280000e-04,7.63704000e-01,1.02512079e-11,4.01201929e-06,4.01104864e-06,9.80900533e-10
4.25280000e-04,7.65504000e-01,1.02608925e-11,4.08567767e-06,4.08469647e-06,9.91463471e-10
4.26280000e-04,7.67304000e-01,1.02703867e-11,4.16011811e-06,4.15912639e-06,1.00198445e-09
4.27280000e-04,7.69104000e-01,1.02798702e-11,4.23533954e-06,4.23433736e-06,1.01246164e-09
4.28280000e-04,7.70904000e-01,1.02891654e-11,4.31134086e-06,4.31032826e-06,1.02289282e-09
4.29280000e-04,7.72704000e-01,1.02984519e-11,4.38812090e-06,4.38709792e-06,1.03327623e-09
4.30280000e-04,7.74504000e-01,1.03075520e-11,4.46567842e-06,4.46464512e-06,1.04360972e-09
4.31280000e-04,7.76304000e-01,1.03166456e-11,4.54401215e-06,4.54296857e-06,1.05389166e-09
4.32280000e-04,7.78104000e-01,1.03255547e-11,4.62312075e-06,4.62206696e-06,1.06411995e-09
4.33280000e-04,7.79904000e-01,1.03344593e-11,4.70300286e-06,4.70193890e-06,1.07429305e-09
4.34280000e-04,7.81704000e-01,1.03431814e-11,4.78365703e-06,4.78258297e-06,1.08440896e-09
4.35280000e-04,7.83504000e-01,1.03519008e-11,4.86508181e-06,4.86399770e-06,1.09446622e-09
4.36280000e-04,7.85304000e-01,1.03604399e-11,4.94727569e-06,4.94618159e-06,1.10446292e-09
4.37280000e-04,7.87104000e-01,1.03689781e-11,5.03023711e-06,5.02913308e-06,1.11439768e-09
4.38280000e-04,7.88904000e-01,1.03773379e-11,5.11396450e-06,5.11285060e-06,1.12426869e-09
4.39280000e-04,7.90704000e-01,1.03856988e-11,5.19845622e-06,5.19733253e-06,1.13407464e-09
4.40280000e-04,7.92504000e-01,1.03938831e-11,5.28371063e-06,5.28257721e-06,1.14381380e-09
4.41280000e-04,7.94304000e-01,1.04020705e-11,5.36972605e-06,5.36858297e-06,1.15348497e-09
4.42280000e-04,7.96104000e-01,1.04100831e-11,5.45650076e-06,5.45534808e-06,1.16308649e-09
4.43280000e-04,7.97904000e-01,1.04181006e-11,5.54403302e-06,5.54287082e-06,1.17261725e-09
4.44280000e-04,7.99704000e-01,1.04259453e-11,5.63232106e-06,5.63114941e-06,1.18207568e-09
4.45280000e-04,8.01504000e-01,1.04337967e-11,5.72136311e-06,5.72018208e-06,1.19146073e-09
4.46280000e-04,8.03304000e-01,1.04414771e-11,5.81115734e-06,5.80996701e-06,1.20077093e-09
4.47280000e-04,8.05104000e-01,1.04491660e-11,5.90170193e-06,5.90050237e-06,1.21000531e-09
4.48280000e-04,8.06904000e-01,1.04566856e-11,5.99299503e-06,5.99178632e-06,1.21916248e-09
4.49280000e-04,8.08704000e-01,1.04642156e-11,6.08503476e-06,6.08381698e-06,1.22824154e-09
4.50280000e-04,8.10504000e-01,1.04715780e-11,6.17781925e-06,6.17659248e-06,1.23724120e-09
4.51280000e-04,8.12304000e-01,1.04789526e-11,6.27134661e-06,6.27011093e-06,1.24616063e-09
4.52280000e-04,8.14104000e-01,1.04861614e-11,6.36561491e-06,6.36437040e-06,1.25499860e-09
4.53280000e-04,8.15904000e-01,1.04933840e-11,6.46062224e-06,6.45936898e-06,1.26375438e-09
4.54280000e-04,8.17704000e-01,1.05004425e-11,6.55636666e-06,6.55510473e-06,1.27242681e-09
4.55280000e-04,8.19504000e-01,1.05075166e-11,6.65284623e-06,6.65157572e-06,1.28101523e-09
4.56280000e-04,8.21304000e-01,1.05144283e-11,6.75005900e-06,6.74877999e-06,1.28951854e-09
4.57280000e-04,8.23104000e-01,1.05213571e-11,6.84800301e-06,6.84671559e-06,1.29793617e-09
4.58280000e-04,8.24904000e-01,1.05281253e-11,6.94667629e-06,6.94538055e-06,1.30626710e-09
4.59280000e-04,8.26704000e-01,1.05349122e-11,7.04607688e-06,7.04477291e-06,1.31451081e-09
4.60280000e-04,8.28504000e-01,1.05415400e-11,7.14620280e-06,7.14489067e-06,1.32266636e-09
4.61280000e-04,8.30304000e-01,1.05481883e-11,7.24705207e-06,7.24573188e-06,1.33073329e-09
4.62280000e-04,8.32104000e-01,1.05546790e-11,7.34862270e-06,7.34729455e-06,1.33871073e-09
4.63280000e-04,8.33904000e-01,1.05611917e-11,7.45091273e-06,7.44957669e-06,1.34659829e-09
4.64280000e-04,8.35704000e-01,1.05675485e-11,7.55392015e-06,7.55257632e-06,1.35439515e-09
4.65280000e-04,8.37504000e-01,1.05739288e-11,7.65764298e-06,7.65629146e-06,1.36210101e-09
4.66280000e-04,8.39304000e-01,1.05801547e-11,7.76207925e-06,7.76072011e-06,1.36971510e-09
4.67280000e-04,8.41104000e-01,1.05864057e-11,7.86722696e-06,7.86586031e-06,1.37723716e-09
4.68280000e-04,8.42904000e-01,1.05925038e-11,7.97308413e-06,7.97171006e-06,1.38466651e-09
4.69280000e-04,8.44704000e-01,1.05986284e-11,8.07964878e-06,8.07826738e-06,1.39200294e-09
4.70280000e-04,8.46504000e-01,1.06046015e-11,8.18691894e-06,8.18553029e-06,1.39924582e-09
4.71280000e-04,8.48304000e-01,1.06106027e-11,8.29489261e-06,8.29349683e-06,1.40639501e-09
4.72280000e-04,8.50104000e-01,1.06164539e-11,8.40356785e-06,8.40216501e-06,1.41344992e-09
4.73280000e-04,8.51904000e-01,1.06223346e-11,8.51294266e-06,8.51153287e-06,1.42041047e-09
4.74280000e-04,8.53704000e-01,1.06280666e-11,8.62301510e-06,8.62159845e-06,1.42727613e-09
4.75280000e-04,8.55504000e-01,1.06338295e-11,8.73378319e-06,8.73235978e-06,1.43404686e-09
4.76280000e-04,8.57304000e-01,1.06394453e-11,8.84524500e-06,8.84381491e-06,1.44072219e-09
4.77280000e-04,8.59104000e-01,1.06450932e-11,8.95739855e-06,8.95596190e-06,1.44730214e-09
4.78280000e-04,8.60904000e-01,1.06505953e-11,9.07024193e-06,9.06879879e-06,1.45378627e-09
4.79280000e-04,8.62704000e-01,1.06561310e-11,9.18377317e-06,9.18232365e-06,1.46017465e-09
4.80280000e-04,8.64504000e-01,1.06615222e-11,9.29799036e-06,9.29653455e-06,1.46646689e-09
4.81280000e-04,8.66304000e-01,1.06669483e-11,9.41289156e-06,9.41142957e-06,1.47266311e-09
4.82280000e-04,8.68104000e-01,1.06722312e-11,9.52847487e-06,9.52700678e-06,1.47876298e-09
4.83280000e-04,8.69904000e-01,1.06775503e-11,9.64473836e-06,9.64326427e-06,1.48476663e-09
4.84280000e-04,8.71704000e-01,1.06827275e-11,9.76168013e-06,9.76020014e-06,1.49067378e-09
4.85280000e-04,8.73504000e-01,1.06879421e-11,9.87929829e-06,9.87781250e-06,1.49648463e-09
4.86280000e-04,8.75304000e-01,1.06930160e-11,9.99759095e-06,9.99609944e-06,1.50219891e-09
4.87280000e-04,8.77104000e-01,1.06981286e-11,1.01165562e-05,1.01150591e-05,1.50781687e-09
4.88280000e-04,8.78904000e-01,1.07031018e-11,1.02361922e-05,1.02346896e-05,1.51333829e-09
4.89280000e-04,8.80704000e-01,1.07081148e-11,1.03564971e-05,1.03549890e-05,1.51876344e-09
4.90280000e-04,8.82504000e-01,1.07129896e-11,1.04774690e-05,1.04759556e-05,1.52409215e-09
4.91280000e-04,8.84304000e-01,1.07179055e-11,1.05991060e-05,1.05975874e-05,1.52932471e-09
4.92280000e-04,8.86104000e-01,1.07226842e-11,1.07214063e-05,1.07198826e-05,1.53446101e-09
4.93280000e-04,8.87904000e-01,1.07275052e-11,1.08443682e-05,1.08428394e-05,1.53950136e-09
4.94280000e-04,8.89704000e-01,1.07321903e-11,1.09679896e-05,1.09664559e-05,1.54444567e-09
4.95280000e-04,8.91504000e-01,1.07369187e-11,1.10922689e-05,1.10907304e-05,1.54929431e-09
4.96280000e-04,8.93304000e-01,1.07415123e-11,1.12172042e-05,1.12156609e-05,1.55404720e-09
4.97280000e-04,8.95104000e-01,1.07461503e-11,1.13427937e-05,1.13412458e-05,1.55870475e-09
4.98280000e-04,8.96904000e-01,1.07506546e-11,1.14690356e-05,1.14674831e-05,1.56326692e-09
4.99280000e-04,8.98704000e-01,1.07552045e-11,1.15959282e-05,1.15943712e-05,1.56773413e-09
5.00280000e-04,9.00504000e-01,1.07596217e-11,1.17234696e-05,1.17219082e-05,1.57210637e-09
5.01280000e-04,9.02304000e-01,1.07640854e-11,1.18516580e-05,1.18500924e-05,1.57638410e-09
5.02280000e-04,9.04104000e-01,1.07684176e-11,1.19804918e-05,1.19789220e-05,1.58056734e-09
5.03280000e-04,9.05904000e-01,1.07727973e-11,1.21099691e-05,1.21083952e-05,1.58465656e-09
5.04280000e-04,9.07704000e-01,1.07770465e-11,1.22400882e-05,1.22385103e-05,1.58865181e-09
5.05280000e-04,9.09504000e-01,1.07813442e-11,1.23708473e-05,1.23692655e-05,1.59255360e-09
5.06280000e-04,9.11304000e-01,1.07855124e-11,1.25022448e-05,1.25006592e-05,1.59636198e-09
5.07280000e-04,9.13104000e-01,1.07897301e-11,1.26342788e-05,1.26326895e-05,1.60007750e-09
5.08280000e-04,9.14904000e-01,1.07938193e-11,1.27669477e-05,1.27653548e-05,1.60370023e-09
5.09280000e-04,9.16704000e-01,1.07979589e-11,1.29002498e-05,1.28986533e-05,1.60723074e-09
5.10280000e-04,9.18504000e-01,1.08019709e-11,1.30341833e-05,1.30325834e-05,1.61066913e-09
5.11280000e-04,9.20304000e-01,1.08060344e-11,1.31687466e-05,1.31671434e-05,1.61401597e-09
5.12280000e-04,9.22104000e-01,1.08099711e-11,1.33039379e-05,1.33023314e-05,1.61727139e-09
5.13280000e-04,9.23904000e-01,1.08139603e-11,1.34397556e-05,1.34381460e-05,1.62043599e-09
5.14280000e-04,9.25704000e-01,1.08178235e-11,1.35761980e-05,1.35745853e-05,1.62350992e-09
5.15280000e-04,9.27504000e-01,1.08217401e-11,1.37132635e-05,1.37116478e-05,1.62649378e-09
5.16280000e-04,9.29304000e-01,1.08255317e-11,1.38509503e-05,1.38493317e-05,1.62938775e-09
5.17280000e-04,9.31104000e-01,1.08293775e-11,1.39892568e-05,1.39876354e-05,1.63219244e-09
5.18280000e-04,9.32904000e-01,1.08330991e-11,1.41281813e-05,1.41265573e-05,1.63490805e-09
5.19280000e-04,9.34704000e-01,1.08368758e-11,1.42677223e-05,1.42660956e-05,1.63753522e-09
5.20280000e-04,9.36504000e-01,1.08405292e-11,1.44078781e-05,1.44062489e-05,1.64007415e-09
5.21280000e-04,9.38304000e-01,1.08442384e-11,1.45486470e-05,1.45470153e-05,1.64252550e-09
5.22280000e-04,9.40104000e-01,1.08478252e-11,1.46900274e-05,1.46883934e-05,1.64488947e-09
5.23280000e-04,9.41904000e-01,1.08514686e-11,1.48320177e-05,1.48303814e-05,1.64716675e-09
5.24280000e-04,9.43704000e-01,1.08549904e-11,1.49746163e-05,1.49729778e-05,1.64935756e-09
5.25280000e-04,9.45504000e-01,1.08585696e-11,1.51178216e-05,1.51161810e-05,1.65146259e-09
5.26280000e-04,9.47304000e-01,1.08620280e-11,1.52616320e-05,1.52599894e-05,1.65348208e-09
5.27280000e-04,9.49104000e-01,1.08655446e-11,1.54060458e-05,1.54044013e-05,1.65541673e-09
5.28280000e-04,9.50904000e-01,1.08689410e-11,1.55510615e-05,1.55494151e-05,1.65726678e-09
5.29280000e-04,9.52704000e-01,1.08723964e-11,1.56966776e-05,1.56950294e-05,1.65903295e-09
5.30280000e-04,9.54504000e-01,1.08757324e-11,1.58428923e-05,1.58412425e-05,1.66071551e-09
5.31280000e-04,9.56304000e-01,1.08791282e-11,1.59897042e-05,1.59880527e-05,1.66231517e-09
5.32280000e-04,9.58104000e-01,1.08824053e-11,1.61371116e-05,1.61354587e-05,1.66383220e-09
5.33280000e-04,9.59904000e-01,1.08857428e-11,1.62851131e-05,1.62834587e-05,1.66526734e-09
5.34280000e-04,9.61704000e-01,1.08889623e-11,1.64337070e-05,1.64320513e-05,1.66662086e-09
5.35280000e-04,9.63504000e-01,1.08922430e-11,1.65828918e-05,1.65812348e-05,1.66789352e-09
5.36280000e-04,9.65304000e-01,1.08954063e-11,1.67326659e-05,1.67310077e-05,1.66908559e-09
5.37280000e-04,9.67104000e-01,1.08986315e-11,1.68830278e-05,1.68813685e-05,1.67019783e-09
5.38280000e-04,9.68904000e-01,1.09017401e-11,1.70339760e-05,1.70323157e-05,1.67123053e-09
5.39280000e-04,9.70704000e-01,1.09049112e-11,1.71855089e-05,1.71838476e-05,1.67218445e-09
5.40280000e-04,9.72504000e-01,1.09079663e-11,1.73376249e-05,1.73359628e-05,1.67305989e-09
5.41280000e-04,9.74304000e-01,1.09110845e-11,1.74903226e-05,1.74886597e-05,1.67385762e-09
5.42280000e-04,9.76104000e-01,1.09140874e-11,1.76436004e-05,1.76419368e-05,1.67457795e-09
5.43280000e-04,9.77904000e-01,1.09171540e-11,1.77974568e-05,1.77957925e-05,1.67522165e-09
5.44280000e-04,9.79704000e-01,1.09201059e-11,1.79518903e-05,1.79502254e-05,1.67578903e-09
5.45280000e-04,9.81504000e-01,1.09231222e-11,1.81068993e-05,1.81052340e-05,1.67628087e-09
5.46280000e-04,9.83304000e-01,1.09260244e-11,1.82624824e-05,1.82608166e-05,1.67669749e-09
5.47280000e-04,9.85104000e-01,1.09289915e-11,1.84186380e-05,1.84169719e-05,1.67703967e-09
5.48280000e-04,9.86904000e-01,1.09318452e-11,1.85753647e-05,1.85736983e-05,1.67730773e-09
5.49280000e-04,9.88704000e-01,1.09347644e-11,1.87326609e-05,1.87309943e-05,1.67750247e-09
5.50280000e-04,9.90504000e-01,1.09375706e-11,1.88905251e-05,1.88888584e-05,1.67762421e-09
5.51280000e-04,9.92304000e-01,1.09404430e-11,1.90489559e-05,1.90472891e-05,1.67767374e-09
5.52280000e-04,9.94104000e-01,1.09432030e-11,1.92079517e-05,1.92062850e-05,1.67765140e-09
5.53280000e-04,9.95904000e-01,1.09460296e-11,1.93675111e-05,1.93658445e-05,1.67755797e-09
5.54280000e-04,9.97704000e-01,1.09487445e-11,1.95276325e-05,1.95259661e-05,1.67739380e-09
5.55280000e-04,9.99504000e-01,1.09515265e-11,1.96883146e-05,1.96866484e-05,1.67715967e-09
5.56280000e-04,1.00130400e+00,1.09541972e-11,1.98495557e-05,1.98478898e-05,1.67685593e-09
5.57280000e-04,1.00310400e+00,1.09569357e-11,2.00113545e-05,2.00096890e-05,1.67648337e-09
5.58280000e-04,1.00490400e+00,1.09595634e-11,2.01737095e-05,2.01720444e-05,1.67604234e-09
5.59280000e-04,1.00670400e+00,1.09622593e-11,2.03366191e-05,2.03349546e-05,1.67553364e-09
5.60280000e-04,1.00850400e+00,1.09648449e-11,2.05000820e-05,2.04984180e-05,1.67495761e-09
5.61280000e-04,1.01030400e+00,1.09674993e-11,2.06640966e-05,2.06624333e-05,1.67431504e-09
5.62280000e-04,1.01210400e+00,1.09700439e-11,2.08286615e-05,2.08269989e-05,1.67360629e-09
5.63280000e-04,1.01390400e+00,1.09726578e-11,2.09937753e-05,2.09921134e-05,1.67283216e-09
5.64280000e-04,1.01570400e+00,1.09751623e-11,2.11594364e-05,2.11577753e-05,1.67199299e-09
5.65280000e-04,1.01750400e+00,1.09777365e-11,2.13256434e-05,2.13239832e-05,1.67108958e-09
5.66280000e-04,1.01930400e+00,1.09802020e-11,2.14923948e-05,2.14907357e-05,1.67012228e-09
5.67280000e-04,1.02110400e+00,1.09827375e-11,2.16596893e-05,2.16580312e-05,1.66909189e-09
5.68280000e-04,1.02290400e+00,1.09851647e-11,2.18275253e-05,2.18258682e-05,1.66799877e-09
5.69280000e-04,1.02470400e+00,1.09876625e-11,2.19959013e-05,2.19942455e-05,1.66684371e-09
5.70280000e-04,1.02650400e+00,1.09900524e-11,2.21648161e-05,2.21631614e-05,1.66562705e-09
5.71280000e-04,1.02830400e+00,1.09925133e-11,2.23342680e-05,2.23326147e-05,1.66434961e-09
5.72280000e-04,1.03010400e+00,1.09948667e-11,2.25042557e-05,2.25026037e-05,1.66301172e-09
5.73280000e-04,1.03190400e+00,1.09972915e-11,2.26747777e-05,2.26731271e-05,1.66161419e-09
5.74280000e-04,1.03370400e+00,1.09996094e-11,2.28458326e-05,2.28441834e-05,1.66015736e-09
5.75280000e-04,1.03550400e+00,1.10019990e-11,2.30174189e-05,2.30157713e-05,1.65864204e-09
5.76280000e-04,1.03730400e+00,1.10042821e-11,2.31895352e-05,2.31878892e-05,1.65706856e-09
5.77280000e-04,1.03910400e+00,1.10066374e-11,2.33621801e-05,2.33605357e-05,1.65543774e-09
5.78280000e-04,1.04090400e+00,1.10088864e-11,2.35353521e-05,2.35337094e-05,1.65374990e-09
5.79280000e-04,1.04270400e+00,1.10112082e-11,2.37090498e-05,2.37074088e-05,1.65200585e-09
5.80280000e-04,1.04450400e+00,1.10134240e-11,2.38832718e-05,2.38816326e-05,1.65020592e-09
5.81280000e-04,1.04630400e+00,1.10157129e-11,2.40580166e-05,2.40563792e-05,1.64835092e-09
5.82280000e-04,1.04810400e+00,1.10178964e-11,2.42332828e-05,2.42316474e-05,1.64644119e-09
5.83280000e-04,1.04990400e+00,1.10201532e-11,2.44090690e-05,2.44074355e-05,1.64447751e-09
5.84280000e-04,1.05170400e+00,1.10223050e-11,2.45853737e-05,2.45837422e-05,1.64246022e-09
5.85280000e-04,1.05350400e+00,1.10245305e-11,2.47621955e-05,2.47605662e-05,1.64039012e-09
5.86280000e-04,1.05530400e+00,1.10266513e-11,2.49395331e-05,2.49379059e-05,1.63826754e-09
5.87280000e-04,1.05710400e+00,1.10288462e-11,2.51173849e-05,2.51157599e-05,1.63609327e-09
5.88280000e-04,1.05890400e+00,1.10309368e-11,2.52957496e-05,2.52941268e-05,1.63386764e-09
5.89280000e-04,1.06070400e+00,1.10331018e-11,2.54746258e-05,2.54730052e-05,1.63159144e-09
5.90280000e-04,1.06250400e+00,1.10351628e-11,2.56540120e-05,2.56523937e-05,1.62926499e-09
5.91280000e-04,1.06430400e+00,1.10372986e-11,2.58339067e-05,2.58322909e-05,1.62688908e-09
5.92280000e-04,1.06610400e+00,1.10393306e-11,2.60143087e-05,2.60126953e-05,1.62446403e-09
5.93280000e-04,1.06790400e+00,1.10414379e-11,2.61952164e-05,2.61936055e-05,1.62199063e-09
5.94280000e-04,1.06970400e+00,1.10434417e-11,2.63766285e-05,2.63750201e-05,1.61946920e-09
5.95280000e-04,1.07150400e+00,1.10455210e-11,2.65585436e-05,2.65569377e-05,1.61690051e-09
5.96280000e-04,1.07330400e+00,1.10474972e-11,2.67409601e-05,2.67393569e-05,1.61428489e-09
5.97280000e-04,1.07510400e+00,1.10495492e-11,2.69238768e-05,2.69222763e-05,1.61162310e-09
5.98280000e-04,1.07690400e+00,1.10514984e-11,2.71072923e-05,2.71056944e-05,1.60891546e-09
5.99280000e-04,1.07870400e+00,1.10535237e-11,2.72912050e-05,2.72896099e-05,1.60616275e-09
6.00280000e-04,1.08050400e+00,1.10554466e-11,2.74756136e-05,2.74740213e-05,1.60336528e-09
6.01280000e-04,1.08230400e+00,1.10574458e-11,2.76605167e-05,2.76589272e-05,1.60052380e-09
6.02280000e-04,1.08410400e+00,1.10593428e-11,2.78459129e-05,2.78443263e-05,1.59763863e-09
6.03280000e-04,1.08590400e+00,1.10613166e-11,2.80318008e-05,2.80302171e-05,1.59471054e-09
6.04280000e-04,1.08770400e+00,1.10631884e-11,2.82181789e-05,2.82165982e-05,1.59173981e-09
6.05280000e-04,1.08950400e+00,1.10651371e-11,2.84050459e-05,2.84034682e-05,1.58872722e-09
6.06280000e-04,1.09130400e+00,1.10669843e-11,2.85924004e-05,2.85908258e-05,1.58567306e-09
6.07280000e-04,1.09310400e+00,1.10689087e-11,2.87802409e-05,2.87786694e-05,1.58257809e-09
6.08280000e-04,1.09490400e+00,1.10707317e-11,2.89685661e-05,2.89669977e-05,1.57944260e-09
6.09280000e-04,1.09670400e+00,1.10726322e-11,2.91573746e-05,2.91558094e-05,1.57626734e-09
6.10280000e-04,1.09850400e+00,1.10744316e-11,2.93466649e-05,2.93451029e-05,1.57305260e-09
6.11280000e-04,1.10030400e+00,1.10763088e-11,2.95364357e-05,2.95348770e-05,1.56979913e-09
6.12280000e-04,1.10210400e+00,1.10780851e-11,2.97266856e-05,2.97251301e-05,1.56650721e-09
6.13280000e-04,1.10390400e+00,1.10799395e-11,2.99174131e-05,2.99158610e-05,1.56317759e-09
6.14280000e-04,1.10570400e+00,1.10816932e-11,3.01086169e-05,3.01070682e-05,1.55981054e-09
6.15280000e-04,1.10750400e+00,1.10835252e-11,3.03002956e-05,3.02987503e-05,1.55640680e-09
6.16280000e-04,1.10930400e+00,1.10852569e-11,3.04924478e-05,3.04909059e-05,1.55296665e-09
6.17280000e-04,1.11110400e+00,1.10870671e-11,3.06850720e-05,3.06835336e-05,1.54949082e-09
6.18280000e-04,1.11290400e+00,1.10887771e-11,3.08781670e-05,3.08766321e-05,1.54597958e-09
6.19280000e-04,1.11470400e+00,1.10905659e-11,3.10717313e-05,3.10701999e-05,1.54243366e-09
6.20280000e-04,1.11650400e+00,1.10922548e-11,3.12657634e-05,3.12642357e-05,1.53885332e-09
6.21280000e-04,1.11830400e+00,1.10940227e-11,3.14602621e-05,3.14587380e-05,1.53523929e-09
6.22280000e-04,1.12010400e+00,1.10956909e-11,3.16552260e-05,3.16537055e-05,1.53159183e-09
6.23280000e-04,1.12190400e+00,1.10974383e-11,3.18506536e-05,3.18491368e-05,1.52791165e-09
6.24280000e-04,1.12370400e+00,1.10990862e-11,3.20465435e-05,3.20450304e-05,1.52419901e-09
6.25280000e-04,1.12550400e+00,1.11008136e-11,3.22428944e-05,3.22413851e-05,1.52045463e-09
6.26280000e-04,1.12730400e+00,1.11024417e-11,3.24397049e-05,3.24381993e-05,1.51667876e-09
6.27280000e-04,1.12910400e+00,1.11041494e-11,3.26369736e-05,3.26354718e-05,1.51287209e-09
6.28280000e-04,1.13090400e+00,1.11057582e-11,3.28346991e-05,3.28332012e-05,1.50903488e-09
6.29280000e-04,1.13270400e+00,1.11074467e-11,3.30328800e-05,3.30313860e-05,1.50516784e-09
6.30280000e-04,1.13450400e+00,1.11090364e-11,3.32315150e-05,3.32300248e-05,1.50127119e-09
6.31280000e-04,1.13630400e+00,1.11107062e-11,3.34306026e-05,3.34291164e-05,1.49734564e-09
6.32280000e-04,1.13810400e+00,1.11122773e-11,3.36301416e-05,3.36286593e-05,1.49339142e-09
6.33280000e-04,1.13990400e+00,1.11139286e-11,3.38301304e-05,3.38286521e-05,1.48940923e-09
6.34280000e-04,1.14170400e+00,1.11154815e-11,3.40305677e-05,3.40290934e-05,1.48539928e-09
6.35280000e-04,1.14350400e+00,1.11171148e-11,3.42314522e-05,3.42299819e-05,1.48136228e-09
6.36280000e-04,1.14530400e+00,1.11186499e-11,3.44327824e-05,3.44313162e-05,1.47729844e-09
6.37280000e-04,1.14710400e+00,1.11202656e-11,3.46345570e-05,3.46330949e-05,1.47320845e-09
6.38280000e-04,1.14890400e+00,1.11217832e-11,3.48367746e-05,3.48353166e-05,1.46909252e-09
6.39280000e-04,1.15070400e+00,1.11233815e-11,3.50394339e-05,3.50379800e-05,1.46495133e-09
6.40280000e-04,1.15250400e+00,1.11248820e-11,3.52425334e-05,3.52410837e-05,1.46078509e-09
6.41280000e-04,1.15430400e+00,1.11264635e-11,3.54460717e-05,3.54446263e-05,1.45659447e-09
6.42280000e-04,1.15610400e+00,1.11279472e-11,3.56500476e-05,3.56486064e-05,1.45237968e-09
6.43280000e-04,1.15790400e+00,1.11295121e-11,3.58544596e-05,3.58530226e-05,1.44814139e-09
6.44280000e-04,1.15970400e+00,1.11309794e-11,3.60593064e-05,3.60578737e-05,1.44387979e-09
6.45280000e-04,1.16150400e+00,1.11325280e-11,3.62645866e-05,3.62631581e-05,1.43959556e-09
6.46280000e-04,1.16330400e+00,1.11339792e-11,3.64702988e-05,3.64688746e-05,1.43528887e-09
6.47280000e-04,1.16510400e+00,1.11355119e-11,3.66764416e-05,3.66750218e-05,1.43096039e-09
6.48280000e-04,1.16690400e+00,1.11369474e-11,3.68830137e-05,3.68815982e-05,1.42661030e-09
6.49280000e-04,1.16870400e+00,1.11384645e-11,3.70900137e-05,3.70886026e-05,1.42223926e-09
6.50280000e-04,1.17050400e+00,1.11398845e-11,3.72974403e-05,3.72960336e-05,1.41784745e-09
6.51280000e-04,1.17230400e+00,1.11413863e-11,3.75052921e-05,3.75038898e-05,1.41343552e-09
6.52280000e-04,1.17410400e+00,1.11427912e-11,3.77135676e-05,3.77121698e-05,1.40900364e-09
6.53280000e-04,1.17590400e+00,1.11442780e-11,3.79222657e-05,3.79208723e-05,1.40455245e-09
6.54280000e-04,1.17770400e+00,1.11456680e-11,3.81313848e-05,3.81299959e-05,1.40008212e-09
6.55280000e-04,1.17950400e+00,1.11471401e-11,3.83409236e-05,3.83395392e-05,1.39559328e-09
6.56280000e-04,1.18130400e+00,1.11485156e-11,3.85508809e-05,3.85495009e-05,1.39108611e-09
6.57280000e-04,1.18310400e+00,1.11499733e-11,3.87612551e-05,3.87598797e-05,1.38656124e-09
6.58280000e-04,1.18490400e+00,1.11513346e-11,3.89720450e-05,3.89706741e-05,1.38201881e-09
6.59280000e-04,1.18670400e+00,1.11527782e-11,3.91832491e-05,3.91818828e-05,1.37745945e-09
6.60280000e-04,1.18850400e+00,1.11541254e-11,3.93948662e-05,3.93935045e-05,1.37288333e-09
6.61280000e-04,1.19030400e+00,1.11555551e-11,3.96068949e-05,3.96055378e-05,1.36829105e-09
6.62280000e-04,1.19210400e+00,1.11568887e-11,3.98193338e-05,3.98179813e-05,1.36368277e-09
6.63280000e-04,1.19390400e+00,1.11583049e-11,4.00321816e-05,4.00308337e-05,1.35905909e-09
6.64280000e-04,1.19570400e+00,1.11596250e-11,4.02454369e-05,4.02440936e-05,1.35442017e-09
6.65280000e-04,1.19750400e+00,1.11610278e-11,4.04590983e-05,4.04577597e-05,1.34976660e-09
6.66280000e-04,1.19930400e+00,1.11623347e-11,4.06731646e-05,4.06718307e-05,1.34509852e-09
6.67280000e-04,1.20110400e+00,1.11637245e-11,4.08876343e-05,4.08863051e-05,1.34041654e-09
6.68280000e-04,1.20290400e+00,1.11650185e-11,4.11025062e-05,4.11011816e-05,1.33572079e-09
6.69280000e-04,1.20470400e+00,1.11663954e-11,4.13177788e-05,4.13164589e-05,1.33101185e-09
6.70280000e-04,1.20650400e+00,1.11676767e-11,4.15334508e-05,4.15321357e-05,1.32628987e-09
6.71280000e-04,1.20830400e+00,1.11690411e-11,4.17495209e-05,4.17482106e-05,1.32155543e-09
6.72280000e-04,1.21010400e+00,1.11703100e-11,4.19659878e-05,4.19646822e-05,1.31680864e-09
6.73280000e-04,1.21190400e+00,1.11716620e-11,4.21828500e-05,4.21815492e-05,1.31205009e-09
6.74280000e-04,1.21370400e+00,1.11729186e-11,4.24001063e-05,4.23988102e-05,1.30727991e-09
6.75280000e-04,1.21550400e+00,1.11742586e-11,4.26177553e-05,4.26164640e-05,1.30249866e-09
6.76280000e-04,1.21730400e+00,1.11755032e-11,4.28357957e-05,4.28345091e-05,1.29770646e-09
6.77280000e-04,1.21910400e+00,1.11768313e-11,4.30542261e-05,4.30529443e-05,1.29290388e-09
6.78280000e-04,1.22090400e+00,1.11780641e-11,4.32730452e-05,4.32717682e-05,1.28809102e-09
6.79280000e-04,1.22270400e+00,1.11793806e-11,4.34922516e-05,4.34909795e-05,1.28326845e-09
6.80280000e-04,1.22450400e+00,1.11806019e-11,4.37118441e-05,4.37105768e-05,1.27843627e-09
6.81280000e-04,1.22630400e+00,1.11819068e-11,4.39318212e-05,4.39305588e-05,1.27359505e-09
6.82280000e-04,1.22810400e+00,1.11831168e-11,4.41521817e-05,4.41509242e-05,1.26874487e-09
6.83280000e-04,1.22990400e+00,1.11844105e-11,4.43729243e-05,4.43716716e-05,1.26388630e-09
6.84280000e-04,1.23170400e+00,1.11856094e-11,4.45940475e-05,4.45927997e-05,1.25901941e-09
6.85280000e-04,1.23350400e+00,1.11868921e-11,4.48155501e-05,4.48143071e-05,1.25414477e-09
6.86280000e-04,1.23530400e+00,1.11880800e-11,4.50374307e-05,4.50361926e-05,1.24926245e-09
6.87280000e-04,1.23710400e+00,1.11893518e-11,4.52596881e-05,4.52584549e-05,1.24437300e-09
6.88280000e-04,1.23890400e+00,1.11905290e-11,4.54823208e-05,4.54810925e-05,1.23947649e-09
6.89280000e-04,1.24070400e+00,1.11917902e-11,4.57053276e-05,4.57041042e-05,1.23457348e-09
6.90280000e-04,1.24250400e+00,1.11929568e-11,4.59287072e-05,4.59274887e-05,1.22966402e-09
6.91280000e-04,1.24430400e+00,1.11942076e-11,4.61524582e-05,4.61512446e-05,1.22474866e-09
6.92280000e-04,1.24610400e+00,1.11953639e-11,4.63765792e-05,4.63753706e-05,1.21982746e-09
6.93280000e-04,1.24790400e+00,1.11966044e-11,4.66010691e-05,4.65998654e-05,1.21490095e-09
6.94280000e-04,1.24970400e+00,1.11977505e-11,4.68259265e-05,4.68247277e-05,1.20996919e-09
6.95280000e-04,1.25150400e+00,1.11989809e-11,4.70511500e-05,4.70499561e-05,1.20503271e-09
6.96280000e-04,1.25330400e+00,1.12001170e-11,4.72767383e-05,4.72755494e-05,1.20009156e-09
6.97280000e-04,1.25510400e+00,1.12013376e-11,4.75026902e-05,4.75015062e-05,1.19514626e-09
6.98280000e-04,1.25690400e+00,1.12024638e-11,4.77290042e-05,4.77278252e-05,1.19019687e-09
6.99280000e-04,1.25870400e+00,1.12036746e-11,4.79556792e-05,4.79545052e-05,1.18524389e-09
7.00280000e-04,1.26050400e+00,1.12047912e-11,4.81827138e-05,4.81815448e-05,1.18028737e-09
7.01280000e-04,1.26230400e+00,1.12059925e-11,4.84101067e-05,4.84089426e-05,1.17532783e-09
7.02280000e-04,1.26410400e+00,1.12070996e-11,4.86378566e-05,4.86366974e-05,1.17036530e-09
7.03280000e-04,1.26590400e+00,1.12082914e-11,4.88659622e-05,4.88648080e-05,1.16540028e-09
7.04280000e-04,1.26770400e+00,1.12093893e-11,4.90944221e-05,4.90932729e-05,1.16043282e-09
7.05280000e-04,1.26950400e+00,1.12105718e-11,4.93232351e-05,4.93220909e-05,1.15546340e-09
7.06280000e-04,1.27130400e+00,1.12116605e-11,4.95524000e-05,4.95512607e-05,1.15049206e-09
7.07280000e-04,1.27310400e+00,1.12128340e-11,4.97819153e-05,4.97807809e-05,1.14551930e-09
7.08280000e-04,1.27490400e+00,1.12139136e-11,5.00117797e-05,5.00106504e-05,1.14054514e-09
7.09280000e-04,1.27670400e+00,1.12150782e-11,5.02419921e-05,5.02408678e-05,1.13557006e-09
7.10280000e-04,1.27850400e+00,1.12161490e-11,5.04725511e-05,5.04714317e-05,1.13059409e-09
7.11280000e-04,1.28030400e+00,1.12173048e-11,5.07034554e-05,5.07023410e-05,1.12561772e-09
7.12280000e-04,1.28210400e+00,1.12183669e-11,5.09347037e-05,5.09335943e-05,1.12064095e-09
7.13280000e-04,1.28390400e+00,1.12195140e-11,5.11662947e-05,5.11651903e-05,1.11566427e-09
7.14280000e-04,1.28570400e+00,1.12205675e-11,5.13982272e-05,5.13971278e-05,1.11068768e-09
7.15280000e-04,1.28750400e+00,1.12217062e-11,5.16304999e-05,5.16294054e-05,1.10571166e-09
7.16280000e-04,1.28930400e+00,1.12227513e-11,5.18631114e-05,5.18620219e-05,1.10073622e-09
7.17280000e-04,1.29110400e+00,1.12238815e-11,5.20960605e-05,5.20949760e-05,1.09576182e-09
7.18280000e-04,1.29290400e+00,1.12249184e-11,5.23293459e-05,5.23282664e-05,1.09078847e-09
7.19280000e-04,1.29470400e+00,1.12260404e-11,5.25629664e-05,5.25618918e-05,1.08581663e-09
7.20280000e-04,1.29650400e+00,1.12270691e-11,5.27969206e-05,5.27958510e-05,1.08084630e-09
7.21280000e-04,1.29830400e+00,1.12281831e-11,5.30312073e-05,5.30301426e-05,1.07587793e-09
7.22280000e-04,1.30010400e+00,1.12292037e-11,5.32658252e-05,5.32647655e-05,1.07091151e-09
7.23280000e-04,1.30190400e+00,1.12303097e-11,5.35007730e-05,5.34997183e-05,1.06594751e-09
7.24280000e-04,1.30370400e+00,1.12313225e-11,5.37360495e-05,5.37349998e-05,1.06098591e-09
7.25280000e-04,1.30550400e+00,1.12324207e-11,5.39716534e-05,5.39706086e-05,1.05602715e-09
7.26280000e-04,1.30730400e+00,1.12334257e-11,5.42075834e-05,5.42065436e-05,1.05107123e-09
7.27280000e-04,1.30910400e+00,1.12345162e-11,5.44438383e-05,5.44428034e-05,1.04611858e-09
7.28280000e-04,1.31090400e+00,1.12355135e-11,5.46804168e-05,5.46793869e-05,1.04116918e-09
7.29280000e-04,1.31270400e+00,1.12365964e-11,5.49173176e-05,5.49162926e-05,1.03622348e-09
7.30280000e-04,1.31450400e+00,1.12375862e-11,5.51545395e-05,5.51535194e-05,1.03128144e-09
7.31280000e-04,1.31630400e+00,1.12386617e-11,5.53920812e-05,5.53910661e-05,1.02634351e-09
7.32280000e-04,1.31810400e+00,1.12396441e-11,5.56299414e-05,5.56289313e-05,1.02140965e-09
7.33280000e-04,1.31990400e+00,1.12407122e-11,5.58681190e-05,5.58671138e-05,1.01648029e-09
7.34280000e-04,1.32170400e+00,1.12416873e-11,5.61066126e-05,5.61056123e-05,1.01155540e-09
7.35280000e-04,1.32350400e+00,1.12427482e-11,5.63454210e-05,5.63444257e-05,1.00663541e-09
7.36280000e-04,1.32530400e+00,1.12437161e-11,5.65845430e-05,5.65835525e-05,1.00172027e-09
7.37280000e-04,1.32710400e+00,1.12447699e-11,5.68239773e-05,5.68229917e-05,9.96810403e-10
7.38280000e-04,1.32890400e+00,1.12457307e-11,5.70637226e-05,5.70627419e-05,9.91905772e-10
7.39280000e-04,1.33070400e+00,1.12467775e-11,5.73037777e-05,5.73028020e-05,9.87006792e-10
7.40280000e-04,1.33250400e+00,1.12477314e-11,5.75441414e-05,5.75431705e-05,9.82113414e-10
7.41280000e-04,1.33430400e+00,1.12487712e-11,5.77848124e-05,5.77838465e-05,9.77226053e-10
7.42280000e-04,1.33610400e+00,1.12497183e-11,5.80257895e-05,5.80248284e-05,9.72344655e-10
7.43280000e-04,1.33790400e+00,1.12507513e-11,5.82670715e-05,5.82661153e-05,9.67469630e-10
7.44280000e-04,1.33970400e+00,1.12516916e-11,5.85086571e-05,5.85077057e-05,9.62600921e-10
7.45280000e-04,1.34150400e+00,1.12527179e-11,5.87505450e-05,5.87495985e-05,9.57738933e-10
7.46280000e-04,1.34330400e+00,1.12536515e-11,5.89927341e-05,5.89917925e-05,9.52883606e-10
7.47280000e-04,1.34510400e+00,1.12546713e-11,5.92352231e-05,5.92342864e-05,9.48035339e-10
7.48280000e-04,1.34690400e+00,1.12555984e-11,5.94780108e-05,5.94770789e-05,9.43194069e-10
7.49280000e-04,1.34870400e+00,1.12566116e-11,5.97210960e-05,5.97201689e-05,9.38360192e-10
7.50280000e-04,1.35050400e+00,1.12575322e-11,5.99644774e-05,5.99635552e-05,9.33533638e-10
7.51280000e-04,1.35230400e+00,1.12585390e-11,6.02081539e-05,6.02072364e-05,9.28714802e-10
7.52280000e-04,1.35410400e+00,1.12594533e-11,6.04521241e-05,6.04512115e-05,9.23903608e-10
7.53280000e-04,1.35590400e+00,1.12604537e-11,6.06963869e-05,6.06954791e-05,9.19100448e-10
7.54280000e-04,1.35770400e+00,1.12613617e-11,6.09409411e-05,6.09400380e-05,9.14305242e-10
7.55280000e-04,1.35950400e+00,1.12623560e-11,6.11857854e-05,6.11848871e-05,9.09518376e-10
7.56280000e-04,1.36130400e+00,1.12632578e-11,6.14309186e-05,6.14300252e-05,9.04739769e-10
7.57280000e-04,1.36310400e+00,1.12642459e-11,6.16763396e-05,6.16754509e-05,8.99969801e-10
7.58280000e-04,1.36490400e+00,1.12651417e-11,6.19220471e-05,6.19211632e-05,8.95208389e-10
7.59280000e-04,1.36670400e+00,1.12661237e-11,6.21680399e-05,6.21671607e-05,8.90455908e-10
7.60280000e-04,1.36850400e+00,1.12670135e-11,6.24143168e-05,6.24134424e-05,8.85712270e-10
7.61280000e-04,1.37030400e+00,1.12679896e-11,6.26608766e-05,6.26600069e-05,8.80977849e-10
7.62280000e-04,1.37210400e+00,1.12688734e-11,6.29077181e-05,6.29068531e-05,8.76252551e-10
7.63280000e-04,1.37390400e+00,1.12698436e-11,6.31548401e-05,6.31539798e-05,8.71536747e-10
7.64280000e-04,1.37570400e+00,1.12707215e-11,6.34022414e-05,6.34013858e-05,8.66830339e-10
7.65280000e-04,1.37750400e+00,1.12716860e-11,6.36499208e-05,6.36490699e-05,8.62133694e-10
7.66280000e-04,1.37930400e+00,1.12725582e-11,6.38978771e-05,6.38970310e-05,8.57446712e-10
7.67280000e-04,1.38110400e+00,1.12735169e-11,6.41461092e-05,6.41452677e-05,8.52769754e-10
7.68280000e-04,1.38290400e+00,1.12743834e-11,6.43946157e-05,6.43937789e-05,8.48102717e-10
7.69280000e-04,1.38470400e+00,1.12753365e-11,6.46433957e-05,6.46425635e-05,8.43445959e-10
7.70280000e-04,1.38650400e+00,1.12761974e-11,6.48924477e-05,6.48916202e-05,8.38799373e-10
7.71280000e-04,1.38830400e+00,1.12771449e-11,6.51417708e-05,6.51409479e-05,8.34163315e-10
7.72280000e-04,1.39010400e+00,1.12780003e-11,6.53913636e-05,6.53905454e-05,8.29537672e-10
7.73280000e-04,1.39190400e+00,1.12789423e-11,6.56412251e-05,6.56404115e-05,8.24922798e-10
7.74280000e-04,1.39370400e+00,1.12797923e-11,6.58913540e-05,6.58905450e-05,8.20318575e-10
7.75280000e-04,1.39550400e+00,1.12807289e-11,6.61417492e-05,6.61409447e-05,8.15725355e-10
7.76280000e-04,1.39730400e+00,1.12815735e-11,6.63924095e-05,6.63916096e-05,8.11143017e-10
7.77280000e-04,1.39910400e+00,1.12825048e-11,6.66433336e-05,6.66425383e-05,8.06571907e-10
7.78280000e-04,1.40090400e+00,1.12833440e-11,6.68945206e-05,6.68937298e-05,8.02011902e-10
7.79280000e-04,1.40270400e+00,1.12842701e-11,6.71459691e-05,6.71451829e-05,7.97463346e-10
7.80280000e-04,1.40450400e+00,1.12851041e-11,6.73976780e-05,6.73968964e-05,7.92926112e-10
7.81280000e-04,1.40630400e+00,1.12860249e-11,6.76496462e-05,6.76488691e-05,7.88400539e-10
7.82280000e-04,1.40810400e+00,1.12868538e-11,6.79018725e-05,6.79010999e-05,7.83886498e-10
7.83280000e-04,1.40990400e+00,1.12877695e-11,6.81543557e-05,6.81535876e-05,7.79384325e-10
7.84280000e-04,1.41170400e+00,1.12885933e-11,6.84070947e-05,6.84063311e-05,7.74893886e-10
7.85280000e-04,1.41350400e+00,1.12895039e-11,6.86600884e-05,6.86593292e-05,7.70415515e-10
7.86280000e-04,1.41530400e+00,1.12903226e-11,6.89133355e-05,6.89125808e-05,7.65949076e-10
7.87280000e-04,1.41710400e+00,1.12912283e-11,6.91668349e-05,6.91660847e-05,7.61494898e-10
7.88280000e-04,1.41890400e+00,1.12920420e-11,6.94205855e-05,6.94198397e-05,7.57052842e-10
7.89280000e-04,1.42070400e+00,1.12929427e-11,6.96745861e-05,6.96738448e-05,7.52623234e-10
7.90280000e-04,1.42250400e+00,1.12937516e-11,6.99288357e-05,6.99280987e-05,7.48205933e-10
7.91280000e-04,1.42430400e+00,1.12946475e-11,7.01833329e-05,7.01826004e-05,7.43801260e-10
7.92280000e-04,1.42610400e+00,1.12954515e-11,7.04380768e-05,7.04373487e-05,7.39409072e-10
7.93280000e-04,1.42790400e+00,1.12963425e-11,7.06930661e-05,7.06923424e-05,7.35029687e-10
7.94280000e-04,1.42970400e+00,1.12971418e-11,7.09482998e-05,7.09475804e-05,7.30662957e-10
7.95280000e-04,1.43150400e+00,1.12980281e-11,7.12037766e-05,7.12030616e-05,7.26309200e-10
7.96280000e-04,1.43330400e+00,1.12988226e-11,7.14594955e-05,7.14587849e-05,7.21968265e-10
7.97280000e-04,1.43510400e+00,1.12997042e-11,7.17154554e-05,7.17147491e-05,7.17640464e-10
7.98280000e-04,1.43690400e+00,1.13004941e-11,7.19716551e-05,7.19709530e-05,7.13325645e-10
7.99280000e-04,1.43870400e+00,1.13013711e-11,7.22280934e-05,7.22273957e-05,7.09024117e-10
8.00280000e-04,1.44050400e+00,1.13021564e-11,7.24847693e-05,7.24840759e-05,7.04735724e-10
8.01280000e-04,1.44230400e+00,1.13030288e-11,7.27416817e-05,7.27409925e-05,7.00460774e-10
8.02280000e-04,1.44410400e+00,1.13038095e-11,7.29988293e-05,7.29981444e-05,6.96199107e-10
8.03280000e-04,1.44590400e+00,1.13046774e-11,7.32562112e-05,7.32555306e-05,6.91951028e-10
8.04280000e-04,1.44770400e+00,1.13054537e-11,7.35138262e-05,7.35131498e-05,6.87716374e-10
8.05280000e-04,1.44950400e+00,1.13063171e-11,7.37716731e-05,7.37710009e-05,6.83495448e-10
8.06280000e-04,1.45130400e+00,1.13070890e-11,7.40297510e-05,7.40290830e-05,6.79288083e-10
8.07280000e-04,1.45310400e+00,1.13079480e-11,7.42880585e-05,7.42873947e-05,6.75094581e-10
8.08280000e-04,1.45490400e+00,1.13087154e-11,7.45465948e-05,7.45459352e-05,6.70914771e-10
8.09280000e-04,1.45670400e+00,1.13095701e-11,7.48053586e-05,7.48047031e-05,6.66748952e-10
8.10280000e-04,1.45850400e+00,1.13103332e-11,7.50643488e-05,7.50636975e-05,6.62596952e-10
8.11280000e-04,1.46030400e+00,1.13111836e-11,7.53235644e-05,7.53229173e-05,6.58459065e-10
8.12280000e-04,1.46210400e+00,1.13119425e-11,7.55830043e-05,7.55823612e-05,6.54335118e-10
8.13280000e-04,1.46390400e+00,1.13127886e-11,7.58426673e-05,7.58420284e-05,6.50225402e-10
8.14280000e-04,1.46570400e+00,1.13135432e-11,7.61025523e-05,7.61019175e-05,6.46129741e-10
8.15280000e-04,1.46750400e+00,1.13143852e-11,7.63626584e-05,7.63620277e-05,6.42048424e-10
8.16280000e-04,1.46930400e+00,1.13151357e-11,7.66229844e-05,7.66223577e-05,6.37981272e-10
8.17280000e-04,1.47110400e+00,1.13159734e-11,7.68835291e-05,7.68829065e-05,6.33928571e-10
8.18280000e-04,1.47290400e+00,1.13167198e-11,7.71442916e-05,7.71436730e-05,6.29890140e-10
8.19280000e-04,1.47470400e+00,1.13175535e-11,7.74052707e-05,7.74046562e-05,6.25866263e-10
8.20280000e-04,1.47650400e+00,1.13182958e-11,7.76664654e-05,7.76658549e-05,6.21856756e-10
8.21280000e-04,1.47830400e+00,1.13191254e-11,7.79278746e-05,7.79272680e-05,6.17861899e-10
8.22280000e-04,1.48010400e+00,1.13198636e-11,7.81894971e-05,7.81888946e-05,6.13881508e-10
8.23280000e-04,1.48190400e+00,1.13206893e-11,7.84513320e-05,7.84507334e-05,6.09915861e-10
8.24280000e-04,1.48370400e+00,1.13214235e-11,7.87133782e-05,7.87127836e-05,6.05964769e-10
8.25280000e-04,1.48550400e+00,1.13222452e-11,7.89756346e-05,7.89750439e-05,6.02028508e-10
8.26280000e-04,1.48730400e+00,1.13229756e-11,7.92381001e-05,7.92375133e-05,5.98106888e-10
8.27280000e-04,1.48910400e+00,1.13237933e-11,7.95007737e-05,7.95001908e-05,5.94200182e-10
8.28280000e-04,1.49090400e+00,1.13245198e-11,7.97636542e-05,7.97630752e-05,5.90308198e-10
8.29280000e-04,1.49270400e+00,1.13253337e-11,8.00267407e-05,8.00261656e-05,5.86431206e-10
8.30280000e-04,1.49450400e+00,1.13260563e-11,8.02900322e-05,8.02894609e-05,5.82569012e-10
8.31280000e-04,1.49630400e+00,1.13268664e-11,8.05535274e-05,8.05529600e-05,5.78721884e-10
8.32280000e-04,1.49810400e+00,1.13275852e-11,8.08172254e-05,8.08166619e-05,5.74889626e-10
8.33280000e-04,1.49990400e+00,1.13283915e-11,8.10811252e-05,8.10805654e-05,5.71072503e-10
8.34280000e-04,1.50170400e+00,1.13291065e-11,8.13452256e-05,8.13446697e-05,5.67270316e-10
8.35280000e-04,1.50350400e+00,1.13299091e-11,8.16095257e-05,8.16089735e-05,5.63483330e-10
8.36280000e-04,1.50530400e+00,1.13306204e-11,8.18740243e-05,8.18734760e-05,5.59711343e-10
8.37280000e-04,1.50710400e+00,1.13314193e-11,8.21387206e-05,8.21381759e-05,5.55954616e-10
8.38280000e-04,1.50890400e+00,1.13321270e-11,8.24036133e-05,8.24030724e-05,5.52212947e-10
8.39280000e-04,1.51070400e+00,1.13329222e-11,8.26687015e-05,8.26681643e-05,5.48486596e-10
8.40280000e-04,1.51250400e+00,1.13336262e-11,8.29339841e-05,8.29334507e-05,5.44775355e-10
8.41280000e-04,1.51430400e+00,1.13344178e-11,8.31994602e-05,8.31989304e-05,5.41079484e-10
8.42280000e-04,1.51610400e+00,1.13351183e-11,8.34651286e-05,8.34646025e-05,5.37398774e-10
8.43280000e-04,1.51790400e+00,1.13359063e-11,8.37309883e-05,8.37304659e-05,5.33733482e-10
8.44280000e-04,1.51970400e+00,1.13366032e-11,8.39970384e-05,8.39965197e-05,5.30083396e-10
8.45280000e-04,1.52150400e+00,1.13373877e-11,8.42632778e-05,8.42627627e-05,5.26448772e-10
8.46280000e-04,1.52330400e+00,1.13380810e-11,8.45297055e-05,8.45291940e-05,5.22829397e-10
8.47280000e-04,1.52510400e+00,1.13388620e-11,8.47963204e-05,8.47958125e-05,5.19225522e-10
8.48280000e-04,1.52690400e+00,1.13395519e-11,8.50631216e-05,8.50626173e-05,5.15636935e-10
8.49280000e-04,1.52870400e+00,1.13403295e-11,8.53301079e-05,8.53296072e-05,5.12063884e-10
8.50280000e-04,1.53050400e+00,1.13410159e-11,8.55972785e-05,8.55967814e-05,5.08506154e-10
8.51280000e-04,1.53230400e+00,1.13417901e-11,8.58646323e-05,8.58641387e-05,5.04963994e-10
8.52280000e-04,1.53410400e+00,1.13424731e-11,8.61321683e-05,8.61316782e-05,5.01437184e-10
8.53280000e-04,1.53590400e+00,1.13432438e-11,8.63998855e-05,8.63993989e-05,4.97925972e-10
8.54280000e-04,1.53770400e+00,1.13439235e-11,8.66677828e-05,8.66672997e-05,4.94430137e-10
8.55280000e-04,1.53950400e+00,1.13446909e-11,8.69358594e-05,8.69353798e-05,4.90949924e-10
8.56280000e-04,1.54130400e+00,1.13453673e-11,8.72041141e-05,8.72036379e-05,4.87485111e-10
8.57280000e-04,1.54310400e+00,1.13461314e-11,8.74725460e-05,8.74720733e-05,4.84035941e-10
8.58280000e-04,1.54490400e+00,1.13468044e-11,8.77411541e-05,8.77406848e-05,4.80602191e-10
8.59280000e-04,1.54670400e+00,1.13475652e-11,8.80099374e-05,8.80094715e-05,4.77184101e-10
8.60280000e-04,1.54850400e+00,1.13482351e-11,8.82788949e-05,8.82784325e-05,4.73781447e-10
8.61280000e-04,1.55030400e+00,1.13489926e-11,8.85480256e-05,8.85475666e-05,4.70394466e-10
8.62280000e-04,1.55210400e+00,1.13496592e-11,8.88173286e-05,8.88168729e-05,4.67022933e-10
8.63280000e-04,1.55390400e+00,1.13504136e-11,8.90868028e-05,8.90863505e-05,4.63667085e-10
8.64280000e-04,1.55570400e+00,1.13510770e-11,8.93564472e-05,8.93559983e-05,4.60326692e-10
8.65280000e-04,1.55750400e+00,1.13518281e-11,8.96262610e-05,8.96258154e-05,4.57001992e-10
8.66280000e-04,1.55930400e+00,1.13524884e-11,8.98962431e-05,8.98958007e-05,4.53692753e-10
8.67280000e-04,1.56110400e+00,1.13532364e-11,9.01663925e-05,9.01659535e-05,4.50399210e-10
8.68280000e-04,1.56290400e+00,1.13538935e-11,9.04367083e-05,9.04362725e-05,4.47121130e-10
8.69280000e-04,1.56470400e+00,1.13546385e-11,9.07071895e-05,9.07067570e-05,4.43858747e-10
8.70280000e-04,1.56650400e+00,1.13552925e-11,9.09778351e-05,9.09774058e-05,4.40611826e-10
8.71280000e-04,1.56830400e+00,1.13560343e-11,9.12486441e-05,9.12482181e-05,4.37380599e-10
8.72280000e-04,1.57010400e+00,1.13566853e-11,9.15196157e-05,9.15191929e-05,4.34164830e-10
8.73280000e-04,1.57190400e+00,1.13574241e-11,9.17907488e-05,9.17903292e-05,4.30964750e-10
8.74280000e-04,1.57370400e+00,1.13580720e-11,9.20620425e-05,9.20616261e-05,4.27780120e-10
8.75280000e-04,1.57550400e+00,1.13588078e-11,9.23334958e-05,9.23330825e-05,4.24611169e-10
8.76280000e-04,1.57730400e+00,1.13594528e-11,9.26051078e-05,9.26046977e-05,4.21457660e-10
8.77280000e-04,1.57910400e+00,1.13601856e-11,9.28768775e-05,9.28764705e-05,4.18319817e-10
8.78280000e-04,1.58090400e+00,1.13608276e-11,9.31488039e-05,9.31484001e-05,4.15197403e-10
8.79280000e-04,1.58270400e+00,1.13615574e-11,9.34208862e-05,9.34204854e-05,4.12090640e-10
8.80280000e-04,1.58450400e+00,1.13621965e-11,9.36931233e-05,9.36927257e-05,4.08999290e-10
8.81280000e-04,1.58630400e+00,1.13629234e-11,9.39655144e-05,9.39651198e-05,4.05923574e-10
8.82280000e-04,1.58810400e+00,1.13635595e-11,9.42380584e-05,9.42376669e-05,4.02863251e-10
8.83280000e-04,1.58990400e+00,1.13642836e-11,9.45107545e-05,9.45103661e-05,3.99818542e-10
8.84280000e-04,1.59170400e+00,1.13649168e-11,9.47836017e-05,9.47832163e-05,3.96789204e-10
8.85280000e-04,1.59350400e+00,1.13656380e-11,9.50565991e-05,9.50562167e-05,3.93775457e-10
8.86280000e-04,1.59530400e+00,1.13662684e-11,9.53297458e-05,9.53293663e-05,3.90777056e-10
8.87280000e-04,1.59710400e+00,1.13669867e-11,9.56030407e-05,9.56026643e-05,3.87794222e-10
8.88280000e-04,1.59890400e+00,1.13676143e-11,9.58764830e-05,9.58761096e-05,3.84826706e-10
8.89280000e-04,1.60070400e+00,1.13683299e-11,9.61500718e-05,9.61497013e-05,3.81874727e-10
8.90280000e-04,1.60250400e+00,1.13689547e-11,9.64238062e-05,9.64234386e-05,3.78938037e-10
8.91280000e-04,1.60430400e+00,1.13696674e-11,9.66976851e-05,9.66973205e-05,3.76016853e-10
8.92280000e-04,1.60610400e+00,1.13702894e-11,9.69717078e-05,9.69713460e-05,3.73110926e-10
8.93280000e-04,1.60790400e+00,1.13709994e-11,9.72458732e-05,9.72455143e-05,3.70220472e-10
8.94280000e-04,1.60970400e+00,1.13716187e-11,9.75201805e-05,9.75198245e-05,3.67345240e-10
8.95280000e-04,1.61150400e+00,1.13723260e-11,9.77946287e-05,9.77942756e-05,3.64485444e-10
8.96280000e-04,1.61330400e+00,1.13729426e-11,9.80692170e-05,9.80688667e-05,3.61640832e-10
8.97280000e-04,1.61510400e+00,1.13736472e-11,9.83439444e-05,9.83435970e-05,3.58811619e-10
8.98280000e-04,1.61690400e+00,1.13742611e-11,9.86188101e-05,9.86184654e-05,3.55997550e-10
8.99280000e-04,1.61870400e+00,1.13749630e-11,9.88938130e-05,9.88934712e-05,3.53198839e-10
9.00280000e-04,1.62050400e+00,1.13755742e-11,9.91689524e-05,9.91686134e-05,3.50415230e-10
9.01280000e-04,1.62230400e+00,1.13762735e-11,9.94442274e-05,9.94438911e-05,3.47646936e-10
9.02280000e-04,1.62410400e+00,1.13768821e-11,9.97196369e-05,9.97193034e-05,3.44893700e-10
9.03280000e-04,1.62590400e+00,1.13775788e-11,9.99951802e-05,9.99948495e-05,3.42155733e-10
9.04280000e-04,1.62770400e+00,1.13781848e-11,1.00270856e-04,1.00270528e-04,3.39432778e-10
9.05280000e-04,1.62950400e+00,1.13788789e-11,1.00546664e-04,1.00546339e-04,3.36725043e-10
9.06280000e-04,1.63130400e+00,1.13794823e-11,1.00822604e-04,1.00822281e-04,3.34032273e-10
9.07280000e-04,1.63310400e+00,1.13801738e-11,1.01098673e-04,1.01098353e-04,3.31354673e-10
9.08280000e-04,1.63490400e+00,1.13807746e-11,1.01374872e-04,1.01374554e-04,3.28691986e-10
9.09280000e-04,1.63670400e+00,1.13814636e-11,1.01651199e-04,1.01650884e-04,3.26044419e-10
9.10280000e-04,1.63850400e+00,1.13820619e-11,1.01927653e-04,1.01927341e-04,3.23411711e-10
9.11280000e-04,1.64030400e+00,1.13827484e-11,1.02204234e-04,1.02203925e-04,3.20794069e-10
9.12280000e-04,1.64210400e+00,1.13833442e-11,1.02480941e-04,1.02480635e-04,3.18191231e-10
9.13280000e-04,1.64390400e+00,1.13840282e-11,1.02757773e-04,1.02757469e-04,3.15603403e-10
9.14280000e-04,1.64570400e+00,1.13846215e-11,1.03034729e-04,1.03034428e-04,3.13030323e-10
9.15280000e-04,1.64750400e+00,1.13853030e-11,1.03311808e-04,1.03311509e-04,3.10472195e-10
9.16280000e-04,1.64930400e+00,1.13858939e-11,1.03589010e-04,1.03588713e-04,3.07928755e-10
9.17280000e-04,1.65110400e+00,1.13865729e-11,1.03866333e-04,1.03866039e-04,3.05400208e-10
9.18280000e-04,1.65290400e+00,1.13871614e-11,1.04143776e-04,1.04143485e-04,3.02886289e-10
9.19280000e-04,1.65470400e+00,1.13878380e-11,1.04421339e-04,1.04421050e-04,3.00387200e-10
9.20280000e-04,1.65650400e+00,1.13884241e-11,1.04699021e-04,1.04698735e-04,2.97902677e-10
9.21280000e-04,1.65830400e+00,1.13890983e-11,1.04976821e-04,1.04976537e-04,2.95432921e-10
9.22280000e-04,1.66010400e+00,1.13896820e-11,1.05254738e-04,1.05254457e-04,2.92977667e-10
9.23280000e-04,1.66190400e+00,1.13903538e-11,1.05532772e-04,1.05532493e-04,2.90537114e-10
9.24280000e-04,1.66370400e+00,1.13909351e-11,1.05810921e-04,1.05810644e-04,2.88110997e-10
9.25280000e-04,1.66550400e+00,1.13916046e-11,1.06089184e-04,1.06088910e-04,2.85699515e-10
9.26280000e-04,1.66730400e+00,1.13921836e-11,1.06367562e-04,1.06367290e-04,2.83302401e-10
9.27280000e-04,1.66910400e+00,1.13928507e-11,1.06646052e-04,1.06645782e-04,2.80919852e-10
9.28280000e-04,1.67090400e+00,1.13934274e-11,1.06924654e-04,1.06924387e-04,2.78551603e-10
9.29280000e-04,1.67270400e+00,1.13940922e-11,1.07203368e-04,1.07203103e-04,2.76197849e-10
9.30280000e-04,1.67450400e+00,1.13946666e-11,1.07482191e-04,1.07481929e-04,2.73858323e-10
9.31280000e-04,1.67630400e+00,1.13953292e-11,1.07761125e-04,1.07760865e-04,2.71533221e-10
9.32280000e-04,1.67810400e+00,1.13959012e-11,1.08040167e-04,1.08039909e-04,2.69222274e-10
9.33280000e-04,1.67990400e+00,1.13965615e-11,1.08319317e-04,1.08319062e-04,2.66925678e-10
9.34280000e-04,1.68170400e+00,1.13971314e-11,1.08598575e-04,1.08598321e-04,2.64643163e-10
9.35280000e-04,1.68350400e+00,1.13977894e-11,1.08877938e-04,1.08877687e-04,2.62374925e-10
9.36280000e-04,1.68530400e+00,1.13983570e-11,1.09157407e-04,1.09157158e-04,2.60120691e-10
9.37280000e-04,1.68710400e+00,1.13990129e-11,1.09436980e-04,1.09436734e-04,2.57880658e-10
9.38280000e-04,1.68890400e+00,1.13995783e-11,1.09716658e-04,1.09716413e-04,2.55654553e-10
9.39280000e-04,1.69070400e+00,1.14002319e-11,1.09996438e-04,1.09996196e-04,2.53442571e-10
9.40280000e-04,1.69250400e+00,1.14007951e-11,1.10276320e-04,1.10276080e-04,2.51244439e-10
9.41280000e-04,1.69430400e+00,1.14014466e-11,1.10556304e-04,1.10556066e-04,2.49060350e-10
9.42280000e-04,1.69610400e+00,1.14020076e-11,1.10836388e-04,1.10836153e-04,2.46890032e-10
9.43280000e-04,1.69790400e+00,1.14026569e-11,1.11116572e-04,1.11116339e-04,2.44733676e-10
9.44280000e-04,1.69970400e+00,1.14032158e-11,1.11396855e-04,1.11396624e-04,2.42591011e-10
9.45280000e-04,1.70150400e+00,1.14038630e-11,1.11677236e-04,1.11677007e-04,2.40462227e-10
9.46280000e-04,1.70330400e+00,1.14044198e-11,1.11957715e-04,1.11957488e-04,2.38347050e-10
9.47280000e-04,1.70510400e+00,1.14050648e-11,1.12238290e-04,1.12238065e-04,2.36245672e-10
9.48280000e-04,1.70690400e+00,1.14056195e-11,1.12518960e-04,1.12518738e-04,2.34157818e-10
9.49280000e-04,1.70870400e+00,1.14062625e-11,1.12799726e-04,1.12799505e-04,2.32083679e-10
9.50280000e-04,1.71050400e+00,1.14068150e-11,1.13080586e-04,1.13080367e-04,2.30022979e-10
9.51280000e-04,1.71230400e+00,1.14074559e-11,1.13361539e-04,1.13361322e-04,2.27975908e-10
9.52280000e-04,1.71410400e+00,1.14080064e-11,1.13642584e-04,1.13642370e-04,2.25942192e-10
9.53280000e-04,1.71590400e+00,1.14086453e-11,1.13923721e-04,1.13923509e-04,2.23922018e-10
9.54280000e-04,1.71770400e+00,1.14091937e-11,1.14204950e-04,1.14204739e-04,2.21915111e-10
9.55280000e-04,1.71950400e+00,1.14098305e-11,1.14486268e-04,1.14486060e-04,2.19921660e-10
9.56280000e-04,1.72130400e+00,1.14103770e-11,1.14767676e-04,1.14767470e-04,2.17941388e-10
9.57280000e-04,1.72310400e+00,1.14110117e-11,1.15049173e-04,1.15048968e-04,2.15974483e-10
9.58280000e-04,1.72490400e+00,1.14115562e-11,1.15330757e-04,1.15330554e-04,2.14020668e-10
9.59280000e-04,1.72670400e+00,1.14121890e-11,1.15612428e-04,1.15612228e-04,2.12080131e-10
9.60280000e-04,1.72850400e+00,1.14127314e-11,1.15894186e-04,1.15893987e-04,2.10152594e-10
9.61280000e-04,1.73030400e+00,1.14133622e-11,1.16176029e-04,1.16175833e-04,2.08238245e-10
9.62280000e-04,1.73210400e+00,1.14139027e-11,1.16457957e-04,1.16457763e-04,2.06336805e-10
9.63280000e-04,1.73390400e+00,1.14145315e-11,1.16739970e-04,1.16739776e-04,2.04448461e-10
9.64280000e-04,1.73570400e+00,1.14150701e-11,1.17022065e-04,1.17021874e-04,2.02572935e-10
9.65280000e-04,1.73750400e+00,1.14156970e-11,1.17304243e-04,1.17304053e-04,2.00710412e-10
9.66280000e-04,1.73930400e+00,1.14162336e-11,1.17586502e-04,1.17586315e-04,1.98860614e-10
9.67280000e-04,1.74110400e+00,1.14168586e-11,1.17868842e-04,1.17868657e-04,1.97023727e-10
9.68280000e-04,1.74290400e+00,1.14173932e-11,1.18151263e-04,1.18151079e-04,1.95199472e-10
9.69280000e-04,1.74470400e+00,1.14180163e-11,1.18433763e-04,1.18433581e-04,1.93388033e-10
9.70280000e-04,1.74650400e+00,1.14185491e-11,1.18716342e-04,1.18716162e-04,1.91589131e-10
9.71280000e-04,1.74830400e+00,1.14191703e-11,1.18998998e-04,1.18998820e-04,1.89802952e-10
9.72280000e-04,1.75010400e+00,1.14197012e-11,1.19281732e-04,1.19281556e-04,1.88029214e-10
9.73280000e-04,1.75190400e+00,1.14203206e-11,1.19564543e-04,1.19564368e-04,1.86268104e-10
9.74280000e-04,1.75370400e+00,1.14208496e-11,1.19847429e-04,1.19847255e-04,1.84519339e-10
9.75280000e-04,1.75550400e+00,1.14214671e-11,1.20130390e-04,1.20130218e-04,1.82783105e-10
9.76280000e-04,1.75730400e+00,1.14219944e-11,1.20413425e-04,1.20413255e-04,1.81059120e-10
9.77280000e-04,1.75910400e+00,1.14226100e-11,1.20696533e-04,1.20696365e-04,1.79347570e-10
9.78280000e-04,1.76090400e+00,1.14231354e-11,1.20979715e-04,1.20979548e-04,1.77648171e-10
9.79280000e-04,1.76270400e+00,1.14237493e-11,1.21262968e-04,1.21262804e-04,1.75961109e-10
9.80280000e-04,1.76450400e+00,1.14242729e-11,1.21546293e-04,1.21546130e-04,1.74286101e-10
9.81280000e-04,1.76630400e+00,1.14248849e-11,1.21829688e-04,1.21829527e-04,1.72623332e-10
9.82280000e-04,1.76810400e+00,1.14254067e-11,1.22113153e-04,1.22112993e-04,1.70972518e-10
9.83280000e-04,1.76990400e+00,1.14260170e-11,1.22396687e-04,1.22396529e-04,1.69333844e-10
9.84280000e-04,1.77170400e+00,1.14265371e-11,1.22680289e-04,1.22680133e-04,1.67707026e-10
9.85280000e-04,1.77350400e+00,1.14271456e-11,1.22963960e-04,1.22963805e-04,1.66092249e-10
9.86280000e-04,1.77530400e+00,1.14276639e-11,1.23247697e-04,1.23247544e-04,1.64489229e-10
9.87280000e-04,1.77710400e+00,1.14282707e-11,1.23531500e-04,1.23531348e-04,1.62898149e-10
9.88280000e-04,1.77890400e+00,1.14287872e-11,1.23815369e-04,1.23815219e-04,1.61318727e-10
9.89280000e-04,1.78070400e+00,1.14293923e-11,1.24099302e-04,1.24099154e-04,1.59751145e-10
9.90280000e-04,1.78250400e+00,1.14299072e-11,1.24383300e-04,1.24383153e-04,1.58195119e-10
9.91280000e-04,1.78430400e+00,1.14305105e-11,1.24667360e-04,1.24667215e-04,1.56650832e-10
9.92280000e-04,1.78610400e+00,1.14310237e-11,1.24951484e-04,1.24951340e-04,1.55118001e-10
9.93280000e-04,1.78790400e+00,1.14316253e-11,1.25235669e-04,1.25235527e-04,1.53596808e-10
9.94280000e-04,1.78970400e+00,1.14321368e-11,1.25519916e-04,1.25519775e-04,1.52086969e-10
9.95280000e-04,1.79150400e+00,1.14327368e-11,1.25804223e-04,1.25804084e-04,1.50588666e-10
9.96280000e-04,1.79330400e+00,1.14332466e-11,1.26088590e-04,1.26088453e-04,1.49101616e-10
9.97280000e-04,1.79510400e+00,1.14338449e-11,1.26373016e-04,1.26372880e-04,1.47626000e-10
9.98280000e-04,1.79690400e+00,1.14343531e-11,1.26657501e-04,1.26657366e-04,1.46161534e-10
9.99280000e-04,1.79870400e+00,1.14349498e-11,1.26942043e-04,1.26941910e-04,1.44708400e-10
1.00000000e-03,1.80000000e+00,1.14353020e-11,1.27146949e-04,1.27146817e-04,1.43668959e-10
